-- MySQL dump 10.13  Distrib 8.0.23, for Linux (x86_64)
--
-- Host: localhost    Database: vk
-- ------------------------------------------------------
-- Server version	8.0.23-0ubuntu0.20.04.1

/*!40101 SET @OLD_CHARACTER_SET_CLIENT=@@CHARACTER_SET_CLIENT */;
/*!40101 SET @OLD_CHARACTER_SET_RESULTS=@@CHARACTER_SET_RESULTS */;
/*!40101 SET @OLD_COLLATION_CONNECTION=@@COLLATION_CONNECTION */;
/*!50503 SET NAMES utf8mb4 */;
/*!40103 SET @OLD_TIME_ZONE=@@TIME_ZONE */;
/*!40103 SET TIME_ZONE='+00:00' */;
/*!40014 SET @OLD_UNIQUE_CHECKS=@@UNIQUE_CHECKS, UNIQUE_CHECKS=0 */;
/*!40014 SET @OLD_FOREIGN_KEY_CHECKS=@@FOREIGN_KEY_CHECKS, FOREIGN_KEY_CHECKS=0 */;
/*!40101 SET @OLD_SQL_MODE=@@SQL_MODE, SQL_MODE='NO_AUTO_VALUE_ON_ZERO' */;
/*!40111 SET @OLD_SQL_NOTES=@@SQL_NOTES, SQL_NOTES=0 */;

--
-- Table structure for table `communities`
--

DROP TABLE IF EXISTS `communities`;
/*!40101 SET @saved_cs_client     = @@character_set_client */;
/*!50503 SET character_set_client = utf8mb4 */;
CREATE TABLE `communities` (
  `id` int unsigned NOT NULL AUTO_INCREMENT COMMENT 'Идентификатор сроки',
  `name` varchar(150) CHARACTER SET utf8mb4 COLLATE utf8mb4_unicode_ci NOT NULL COMMENT 'Название группы',
  `created_at` datetime DEFAULT CURRENT_TIMESTAMP COMMENT 'Время создания строки',
  `updated_at` datetime DEFAULT CURRENT_TIMESTAMP ON UPDATE CURRENT_TIMESTAMP COMMENT 'Время обновления строки',
  PRIMARY KEY (`id`),
  UNIQUE KEY `name` (`name`)
) ENGINE=InnoDB AUTO_INCREMENT=101 DEFAULT CHARSET=utf8mb4 COLLATE=utf8mb4_unicode_ci COMMENT='Группы';
/*!40101 SET character_set_client = @saved_cs_client */;

--
-- Dumping data for table `communities`
--

LOCK TABLES `communities` WRITE;
/*!40000 ALTER TABLE `communities` DISABLE KEYS */;
INSERT INTO `communities` VALUES (1,'aut','1984-10-06 14:55:02','1976-08-25 14:41:50'),(2,'nostrum','1997-02-20 21:40:15','1980-07-18 18:09:47'),(3,'quaerat','1997-02-26 09:53:47','1989-01-15 13:24:09'),(4,'officia','2017-09-01 11:49:26','2000-09-30 18:35:26'),(5,'dolore','2015-07-20 15:37:37','2002-04-09 22:57:25'),(6,'quia','1998-09-13 08:15:57','1973-07-21 21:33:05'),(7,'quo','2020-08-08 13:16:42','1995-06-01 16:42:48'),(8,'nesciunt','2000-05-08 07:42:30','2018-04-22 12:31:27'),(9,'laborum','2002-06-02 08:36:57','1989-09-08 12:05:22'),(10,'eius','2020-10-06 07:16:45','1982-09-09 16:30:36'),(11,'nobis','1993-05-24 09:00:14','1991-09-01 11:22:12'),(12,'in','1977-01-30 21:43:12','1997-07-31 02:14:39'),(13,'nemo','1993-05-22 06:01:52','2019-07-22 07:36:10'),(14,'incidunt','1994-08-19 05:40:40','2019-03-20 15:06:21'),(15,'doloribus','1972-12-02 04:55:24','1984-07-23 11:04:37'),(16,'porro','1992-11-17 13:27:16','1993-03-18 07:27:01'),(17,'est','1991-04-22 01:19:14','1970-08-21 08:01:05'),(18,'occaecati','1987-06-07 03:49:45','1977-01-22 16:05:41'),(19,'adipisci','1974-12-17 15:19:28','2011-01-25 02:15:08'),(20,'veritatis','1986-02-15 04:31:50','2009-02-19 16:03:10'),(21,'sequi','2003-04-06 11:37:18','1997-03-28 21:00:58'),(22,'distinctio','1971-02-18 03:13:52','1991-07-01 07:42:10'),(23,'et','1981-09-26 07:35:07','2003-12-12 07:25:21'),(24,'corporis','2012-04-01 03:05:36','1978-02-09 20:56:17'),(25,'iusto','2017-09-21 20:20:37','1978-04-12 06:11:53'),(26,'placeat','1979-10-02 07:26:37','2012-01-21 17:08:47'),(27,'explicabo','1970-11-26 23:58:01','1998-04-10 18:14:33'),(28,'asperiores','2012-02-13 19:41:05','1987-04-04 08:26:30'),(29,'eos','2019-01-01 05:18:13','1988-10-03 19:10:41'),(30,'voluptatibus','2019-01-13 17:38:10','1980-09-14 06:20:40'),(31,'qui','2019-02-17 21:26:29','1976-03-26 07:21:34'),(32,'dolorem','1999-11-21 06:09:00','2010-01-22 13:49:55'),(33,'quibusdam','1979-09-23 19:04:24','2005-11-17 15:40:14'),(34,'ut','2000-06-08 16:01:33','1985-05-06 13:11:50'),(35,'molestiae','1987-07-11 04:07:50','1970-06-28 04:01:49'),(36,'officiis','1988-09-27 07:40:22','1986-11-02 12:59:03'),(37,'omnis','1994-12-28 02:35:55','2010-07-18 00:51:28'),(38,'non','1990-12-06 19:05:53','2020-05-31 18:43:35'),(39,'consequuntur','1990-01-27 20:29:32','2020-08-12 04:23:44'),(40,'soluta','1994-03-31 13:16:16','2004-01-08 13:04:40'),(41,'dolor','2018-09-20 05:30:40','2019-05-28 17:08:48'),(42,'nihil','2009-05-18 22:11:07','1991-03-10 17:49:57'),(43,'tempore','1993-10-14 22:53:28','1984-07-02 14:32:58'),(44,'eum','2020-03-11 21:01:49','1981-05-08 01:06:58'),(45,'voluptatem','1992-07-14 03:38:09','2015-05-11 07:48:11'),(46,'voluptatum','1996-06-30 08:27:00','1987-07-07 21:04:25'),(47,'ducimus','2012-03-23 12:18:59','2012-01-17 07:59:17'),(48,'sit','1999-12-31 10:19:33','2016-12-06 02:02:40'),(49,'exercitationem','1998-04-01 14:34:27','1971-09-14 11:52:23'),(50,'expedita','2015-05-10 13:41:07','1983-03-05 16:02:19'),(51,'deserunt','1984-06-13 08:34:01','1989-10-25 18:16:44'),(52,'aliquam','2021-02-14 07:50:18','1980-01-31 07:22:37'),(53,'quas','1970-05-04 23:26:05','2014-12-06 19:58:26'),(54,'ex','2001-10-30 21:58:36','2018-06-06 04:49:10'),(55,'esse','1994-01-23 01:36:17','2018-09-25 15:32:39'),(56,'voluptate','1988-06-06 12:55:18','2011-04-06 21:51:36'),(57,'odio','1998-11-05 15:17:11','1979-08-06 15:09:02'),(58,'repellat','1978-08-04 13:12:31','1999-10-09 02:33:16'),(59,'animi','2009-12-31 22:13:24','1972-10-29 06:54:58'),(60,'veniam','1974-01-10 21:20:56','2010-08-15 07:29:24'),(61,'perspiciatis','1991-03-13 05:59:47','1998-10-01 18:35:26'),(62,'facere','1993-08-16 20:06:05','2007-12-12 12:43:55'),(63,'mollitia','2000-01-20 19:00:29','2008-09-17 09:06:21'),(64,'cupiditate','1973-04-09 10:32:45','1986-11-04 14:13:58'),(65,'reiciendis','1973-10-12 05:06:21','2006-10-30 03:55:10'),(66,'modi','1985-08-13 19:26:40','2013-03-23 06:19:52'),(67,'illo','1988-01-09 23:37:05','2015-09-18 18:36:34'),(68,'quod','2007-10-14 22:23:19','1970-09-09 21:58:18'),(69,'nulla','2015-01-12 10:30:49','1985-07-16 06:39:19'),(70,'numquam','2013-09-10 22:11:57','2013-05-15 23:07:55'),(71,'excepturi','1973-11-08 23:01:15','1975-09-19 19:35:34'),(72,'harum','1984-01-10 21:12:28','1982-11-26 06:47:59'),(73,'ab','2004-08-28 17:19:01','1981-01-11 02:08:36'),(74,'recusandae','2019-08-28 16:18:03','1996-04-14 17:14:52'),(75,'quis','2011-04-04 18:30:48','1974-02-19 14:55:09'),(76,'quam','1998-04-18 01:29:06','2017-04-11 03:28:55'),(77,'at','2003-08-17 14:43:45','2002-10-08 04:35:25'),(78,'nisi','1991-09-01 03:49:39','1979-07-13 03:26:12'),(79,'labore','2008-01-30 13:09:34','1988-04-25 11:59:17'),(80,'eaque','1985-04-23 14:17:55','1992-10-27 09:50:50'),(81,'rerum','1996-03-16 09:21:11','1980-03-28 23:49:40'),(82,'necessitatibus','2006-10-07 23:05:49','2015-02-09 00:46:54'),(83,'quisquam','1978-08-02 23:10:05','2015-07-27 06:30:23'),(84,'a','1982-05-11 17:08:09','1990-09-18 21:17:51'),(85,'assumenda','1977-06-24 18:47:24','1989-05-07 04:26:28'),(86,'ipsa','1982-02-26 09:02:14','1990-02-23 12:00:54'),(87,'voluptates','1973-06-16 16:43:30','2000-02-23 02:19:17'),(88,'alias','2003-12-31 07:22:18','1986-10-27 20:37:47'),(89,'totam','2006-06-15 10:23:15','1984-07-19 21:19:06'),(90,'aliquid','1978-11-02 10:48:55','2003-06-05 02:09:48'),(91,'perferendis','1983-01-25 10:21:20','2005-07-03 20:47:57'),(92,'temporibus','2000-01-28 03:16:58','1972-01-15 09:34:46'),(93,'natus','1976-06-25 18:52:06','1993-11-04 08:57:23'),(94,'sed','2020-04-25 03:29:09','2003-11-18 14:09:05'),(95,'corrupti','1993-06-21 21:48:40','2015-09-29 01:12:13'),(96,'fuga','1984-05-26 12:44:51','1971-11-17 22:36:57'),(97,'ratione','2008-10-04 01:26:11','1981-01-15 15:30:56'),(98,'aperiam','2008-10-12 23:11:44','1991-07-30 00:26:58'),(99,'sint','1972-04-19 15:53:23','1991-04-16 06:01:38'),(100,'ipsum','2013-03-16 19:25:55','1978-04-25 00:34:54');
/*!40000 ALTER TABLE `communities` ENABLE KEYS */;
UNLOCK TABLES;

--
-- Table structure for table `communities_users`
--

DROP TABLE IF EXISTS `communities_users`;
/*!40101 SET @saved_cs_client     = @@character_set_client */;
/*!50503 SET character_set_client = utf8mb4 */;
CREATE TABLE `communities_users` (
  `community_id` int unsigned NOT NULL COMMENT 'Ссылка на группу',
  `user_id` int unsigned NOT NULL COMMENT 'Ссылка на пользователя',
  `created_at` datetime DEFAULT CURRENT_TIMESTAMP COMMENT 'Время создания строки',
  PRIMARY KEY (`community_id`,`user_id`) COMMENT 'Составной первичный ключ'
) ENGINE=InnoDB DEFAULT CHARSET=utf8mb4 COLLATE=utf8mb4_unicode_ci COMMENT='Участники групп, связь между пользователями и группами';
/*!40101 SET character_set_client = @saved_cs_client */;

--
-- Dumping data for table `communities_users`
--

LOCK TABLES `communities_users` WRITE;
/*!40000 ALTER TABLE `communities_users` DISABLE KEYS */;
/*!40000 ALTER TABLE `communities_users` ENABLE KEYS */;
UNLOCK TABLES;

--
-- Table structure for table `friendship`
--

DROP TABLE IF EXISTS `friendship`;
/*!40101 SET @saved_cs_client     = @@character_set_client */;
/*!50503 SET character_set_client = utf8mb4 */;
CREATE TABLE `friendship` (
  `user_id` int unsigned NOT NULL COMMENT 'Ссылка на инициатора дружеских отношений',
  `friend_id` int unsigned NOT NULL COMMENT 'Ссылка на получателя приглашения дружить',
  `friendship_status_id` int unsigned NOT NULL COMMENT 'Ссылка на статус (текущее состояние) отношений',
  `confirmed_at` datetime DEFAULT NULL COMMENT 'Время подтверждения приглашения',
  `created_at` datetime DEFAULT CURRENT_TIMESTAMP COMMENT 'Время создания строки',
  `updated_at` datetime DEFAULT CURRENT_TIMESTAMP ON UPDATE CURRENT_TIMESTAMP COMMENT 'Время обновления строки',
  PRIMARY KEY (`user_id`,`friend_id`) COMMENT 'Составной первичный ключ'
) ENGINE=InnoDB DEFAULT CHARSET=utf8mb4 COLLATE=utf8mb4_unicode_ci COMMENT='Таблица дружбы';
/*!40101 SET character_set_client = @saved_cs_client */;

--
-- Dumping data for table `friendship`
--

LOCK TABLES `friendship` WRITE;
/*!40000 ALTER TABLE `friendship` DISABLE KEYS */;
INSERT INTO `friendship` VALUES (1,53,3,'1987-10-17 14:41:48','2003-10-08 11:17:08','2021-04-26 17:36:05'),(2,42,2,'1987-05-18 18:11:58','1991-02-02 17:57:31','2021-04-26 17:36:05'),(3,16,1,'1995-01-19 04:57:36','2011-03-03 03:41:46','2021-04-26 17:36:05'),(4,54,3,'1993-04-09 10:47:16','2014-06-25 02:04:59','2021-04-26 17:36:05'),(5,68,3,'2017-07-14 03:21:21','1983-06-05 13:44:05','2021-04-26 17:36:05'),(5,85,1,'2016-12-22 21:20:04','1990-12-05 18:15:16','2021-04-26 17:36:05'),(6,3,1,'2018-07-01 04:52:47','2003-08-07 10:28:52','2021-04-26 17:36:05'),(6,9,2,'2012-10-31 21:23:59','2004-06-17 03:02:58','2021-04-26 17:36:05'),(7,44,3,'1994-11-14 14:03:05','1988-10-25 01:20:41','2021-04-26 17:36:05'),(7,89,3,'2007-05-22 10:50:15','2017-04-08 12:23:59','2021-04-26 17:36:05'),(8,34,1,'1971-01-30 05:19:53','1997-11-21 16:16:15','2021-04-26 17:36:05'),(10,65,2,'2013-08-18 23:52:38','1981-07-01 05:56:41','2021-04-26 17:36:05'),(11,98,3,'1972-04-07 12:09:15','1993-08-12 18:36:47','2021-04-26 17:36:05'),(11,99,1,'1971-08-09 02:13:44','1999-09-15 20:45:40','2021-04-26 17:36:05'),(12,41,3,'2017-08-10 12:17:58','1978-06-04 09:47:45','2021-04-26 17:36:05'),(12,98,1,'2009-01-30 17:40:30','2012-03-09 10:34:43','2021-04-26 17:36:05'),(16,57,2,'2006-05-17 01:03:58','1994-03-23 05:50:21','2021-04-26 17:36:05'),(18,77,2,'2009-08-18 04:30:37','1985-01-26 09:57:17','2021-04-26 17:36:05'),(20,3,2,'2004-01-08 16:35:24','2000-07-04 15:35:29','2021-04-26 17:36:05'),(21,33,2,'1987-10-15 09:50:38','2008-09-08 05:03:52','2021-04-26 17:36:05'),(25,22,3,'1980-07-06 10:35:17','2017-07-16 11:55:12','2021-04-26 17:35:41'),(25,44,2,'1973-10-06 21:18:14','1979-09-28 08:32:20','2021-04-26 17:36:05'),(25,56,3,'1996-02-26 02:39:59','1999-10-30 04:53:28','2021-04-26 17:36:05'),(25,96,1,'1971-10-05 00:22:19','1991-02-25 18:54:15','2021-04-26 17:36:05'),(26,31,3,'1998-09-28 03:57:12','1987-09-18 22:59:14','2021-04-26 17:36:05'),(28,9,3,'1971-08-21 06:37:15','2006-01-09 01:06:31','2021-04-26 17:36:05'),(29,47,2,'1997-09-02 06:21:35','2007-03-15 14:23:39','2021-04-26 17:36:05'),(29,67,3,'2008-02-28 21:24:27','1991-04-17 11:31:55','2021-04-26 17:36:05'),(30,17,3,'1980-01-03 11:58:23','2002-04-20 06:06:43','2021-04-26 17:36:05'),(31,80,1,'2015-08-01 06:24:09','1998-11-17 19:12:53','2021-04-26 17:36:05'),(33,96,2,'1993-09-15 05:39:09','1989-02-13 00:38:18','2021-04-26 17:36:05'),(33,100,1,'2005-11-27 18:56:13','1983-07-09 17:27:52','2021-04-26 17:36:05'),(34,4,3,'1994-08-10 22:21:00','1990-01-28 14:14:59','2021-04-26 17:36:05'),(34,82,3,'1992-07-21 02:29:18','1989-08-05 03:40:36','2021-04-26 17:36:05'),(37,13,3,'1984-10-08 18:06:46','1973-05-11 23:53:56','2021-04-26 17:36:05'),(38,20,1,'1981-05-26 04:32:11','1987-02-06 02:25:50','2021-04-26 17:36:05'),(38,85,3,'2011-09-14 08:25:28','1981-12-04 14:43:23','2021-04-26 17:36:05'),(39,98,3,'2009-07-21 13:42:53','2010-04-25 03:51:23','2021-04-26 17:36:05'),(40,85,3,'2016-03-19 08:00:17','1983-02-08 22:47:13','2021-04-26 17:36:05'),(44,29,3,'2000-11-23 04:42:52','1975-10-17 01:55:24','2021-04-26 17:36:05'),(44,97,3,'1970-12-31 15:07:30','2014-02-26 23:47:17','2021-04-26 17:36:05'),(45,33,1,'2002-03-16 16:49:17','2018-09-27 14:55:22','2021-04-26 17:36:05'),(45,93,1,'2018-03-30 05:09:46','1983-08-21 08:57:38','2021-04-26 17:36:05'),(46,25,3,'2020-07-22 14:10:26','1986-02-19 10:28:21','2021-04-26 17:36:05'),(47,28,3,'2010-09-08 15:40:59','2007-09-29 08:49:39','2021-04-26 17:36:05'),(47,32,3,'2020-04-03 00:29:58','1988-06-13 07:41:03','2021-04-26 17:36:05'),(47,95,2,'2007-05-22 07:23:34','2004-01-05 08:30:52','2021-04-26 17:36:05'),(47,97,2,'2014-12-11 07:21:04','2009-08-15 02:09:14','2021-04-26 17:36:05'),(48,25,3,'2000-12-15 09:50:01','1970-02-26 03:24:52','2021-04-26 17:36:05'),(48,39,2,'1995-05-09 13:34:26','1985-01-03 07:40:52','2021-04-26 17:36:05'),(49,57,3,'1988-06-19 21:12:01','2002-06-27 09:50:20','2021-04-26 17:36:05'),(50,3,1,'1970-02-09 20:26:36','1978-12-14 20:38:42','2021-04-26 17:36:05'),(51,98,3,'2008-10-09 00:29:48','1990-05-27 21:53:31','2021-04-26 17:36:05'),(53,27,1,'2004-06-25 07:32:57','2005-02-21 07:53:54','2021-04-26 17:36:05'),(54,74,3,'1983-02-05 12:27:48','1972-10-07 14:51:21','2021-04-26 17:36:05'),(55,7,3,'1983-01-07 19:47:23','2009-01-23 22:59:31','2021-04-26 17:36:05'),(56,68,1,'2011-07-14 09:36:29','2003-03-05 12:26:52','2021-04-26 17:36:05'),(56,88,2,'1981-03-05 21:28:27','2007-08-16 12:24:38','2021-04-26 17:36:05'),(57,21,2,'2014-04-28 22:03:18','1979-04-23 05:42:25','2021-04-26 17:36:05'),(58,13,1,'1980-04-07 14:35:36','1987-04-18 03:13:46','2021-04-26 17:36:05'),(58,100,1,'1978-04-23 01:33:53','1978-12-31 05:21:52','2021-04-26 17:36:05'),(61,46,3,'2007-03-04 21:44:29','1989-11-21 01:26:44','2021-04-26 17:36:05'),(62,42,3,'1990-11-10 20:06:45','2018-11-05 15:49:47','2021-04-26 17:36:05'),(63,52,3,'1997-05-28 08:45:32','2020-12-13 20:57:20','2021-04-26 17:36:05'),(63,54,1,'1971-10-13 07:16:05','2014-06-04 18:29:28','2021-04-26 17:36:05'),(64,21,1,'1979-12-15 11:04:11','2019-08-02 14:58:50','2021-04-26 17:36:05'),(64,89,3,'2008-02-05 04:29:53','1977-05-21 07:27:51','2021-04-26 17:36:05'),(65,16,3,'1971-04-27 01:45:22','1997-12-01 17:05:25','2021-04-26 17:36:05'),(68,93,3,'2009-06-11 14:04:31','2016-04-09 13:35:48','2021-04-26 17:36:05'),(69,15,1,'2001-10-08 10:09:16','1988-04-28 22:16:03','2021-04-26 17:36:05'),(69,22,1,'1986-08-06 17:29:30','1974-02-22 03:55:51','2021-04-26 17:36:05'),(69,31,3,'1974-02-14 05:54:27','1974-02-26 06:53:10','2021-04-26 17:36:05'),(69,81,2,'2002-10-03 11:57:10','1976-12-06 02:36:15','2021-04-26 17:36:05'),(69,98,1,'2009-11-22 09:46:53','2016-11-09 08:40:39','2021-04-26 17:36:05'),(70,27,2,'2020-01-25 18:19:11','1970-05-08 01:11:54','2021-04-26 17:36:05'),(72,21,2,'1983-05-06 10:19:08','2012-11-19 15:53:13','2021-04-26 17:36:05'),(72,56,2,'2000-09-13 15:08:37','1971-01-10 23:19:11','2021-04-26 17:36:05'),(73,7,1,'1976-11-08 19:00:08','1973-01-31 06:14:00','2021-04-26 17:36:05'),(73,84,2,'1995-04-17 20:25:40','1998-02-19 22:15:19','2021-04-26 17:36:05'),(75,79,2,'1993-01-06 09:39:47','2009-11-13 01:46:03','2021-04-26 17:36:05'),(77,90,3,'2018-02-22 10:22:20','1987-11-21 20:44:03','2021-04-26 17:36:05'),(79,7,1,'2018-08-10 03:48:28','2015-10-03 05:20:01','2021-04-26 17:36:05'),(79,20,1,'2014-03-03 12:44:12','2000-09-05 18:56:22','2021-04-26 17:36:05'),(80,18,2,'1991-06-01 07:45:47','2008-05-17 11:32:27','2021-04-26 17:36:05'),(81,42,1,'2012-06-17 20:43:49','1987-03-11 05:33:24','2021-04-26 17:36:05'),(83,57,1,'1984-10-27 16:44:42','2000-07-25 11:22:09','2021-04-26 17:36:05'),(84,27,2,'1995-03-26 07:17:49','1975-03-18 18:21:52','2021-04-26 17:36:05'),(85,73,1,'1993-06-24 18:07:19','1973-07-04 03:31:07','2021-04-26 17:36:05'),(87,58,2,'2004-12-12 08:19:53','1992-08-17 16:12:24','2021-04-26 17:36:05'),(88,2,1,'1992-08-20 05:34:27','2006-06-15 17:58:36','2021-04-26 17:36:05'),(90,86,2,'2007-11-10 13:22:34','1970-06-04 19:00:57','2021-04-26 17:36:05'),(92,34,3,'2013-03-28 22:58:59','1972-10-23 01:32:57','2021-04-26 17:36:05'),(94,75,2,'2008-04-29 14:02:15','2012-07-07 04:36:15','2021-04-26 17:36:05'),(96,29,3,'1972-01-14 10:58:17','1983-01-17 17:53:34','2021-04-26 17:36:05'),(96,72,1,'2008-06-08 03:47:44','1975-08-17 03:55:23','2021-04-26 17:36:05'),(98,68,3,'1972-04-29 18:56:52','1977-02-13 06:32:23','2021-04-26 17:36:05'),(99,8,3,'2009-10-15 20:06:14','2007-03-16 07:59:53','2021-04-26 17:36:05'),(99,49,2,'1994-07-11 16:58:04','2006-11-06 13:42:35','2021-04-26 17:36:05'),(100,2,1,'2004-03-15 22:31:18','2007-12-31 01:26:35','2021-04-26 17:36:05'),(100,68,2,'1991-04-01 06:15:35','1983-11-05 15:08:44','2021-04-26 17:36:05');
/*!40000 ALTER TABLE `friendship` ENABLE KEYS */;
UNLOCK TABLES;

--
-- Table structure for table `friendship_statuses`
--

DROP TABLE IF EXISTS `friendship_statuses`;
/*!40101 SET @saved_cs_client     = @@character_set_client */;
/*!50503 SET character_set_client = utf8mb4 */;
CREATE TABLE `friendship_statuses` (
  `id` int unsigned NOT NULL AUTO_INCREMENT COMMENT 'Идентификатор строки',
  `name` varchar(150) CHARACTER SET utf8mb4 COLLATE utf8mb4_unicode_ci NOT NULL COMMENT 'Название статуса',
  `created_at` datetime DEFAULT CURRENT_TIMESTAMP COMMENT 'Время создания строки',
  `updated_at` datetime DEFAULT CURRENT_TIMESTAMP ON UPDATE CURRENT_TIMESTAMP COMMENT 'Время обновления строки',
  PRIMARY KEY (`id`),
  UNIQUE KEY `name` (`name`)
) ENGINE=InnoDB AUTO_INCREMENT=4 DEFAULT CHARSET=utf8mb4 COLLATE=utf8mb4_unicode_ci COMMENT='Статусы дружбы';
/*!40101 SET character_set_client = @saved_cs_client */;

--
-- Dumping data for table `friendship_statuses`
--

LOCK TABLES `friendship_statuses` WRITE;
/*!40000 ALTER TABLE `friendship_statuses` DISABLE KEYS */;
INSERT INTO `friendship_statuses` VALUES (1,'Requested','2021-04-26 17:36:00','2021-04-26 17:36:00'),(2,'Confirmed','2021-04-26 17:36:00','2021-04-26 17:36:00'),(3,'Rejected','2021-04-26 17:36:00','2021-04-26 17:36:00');
/*!40000 ALTER TABLE `friendship_statuses` ENABLE KEYS */;
UNLOCK TABLES;

--
-- Table structure for table `media`
--

DROP TABLE IF EXISTS `media`;
/*!40101 SET @saved_cs_client     = @@character_set_client */;
/*!50503 SET character_set_client = utf8mb4 */;
CREATE TABLE `media` (
  `id` int unsigned NOT NULL AUTO_INCREMENT COMMENT 'Идентификатор строки',
  `user_id` int unsigned NOT NULL COMMENT 'Ссылка на пользователя, который загрузил файл',
  `filename` varchar(255) CHARACTER SET utf8mb4 COLLATE utf8mb4_unicode_ci NOT NULL COMMENT 'Путь к файлу',
  `size` int NOT NULL COMMENT 'Размер файла',
  `metadata` json DEFAULT NULL,
  `media_type_id` int unsigned NOT NULL COMMENT 'Ссылка на тип контента',
  `created_at` datetime DEFAULT CURRENT_TIMESTAMP COMMENT 'Время создания строки',
  `updated_at` datetime DEFAULT CURRENT_TIMESTAMP ON UPDATE CURRENT_TIMESTAMP COMMENT 'Время обновления строки',
  PRIMARY KEY (`id`),
  CONSTRAINT `media_chk_1` CHECK (json_valid(`metadata`))
) ENGINE=InnoDB AUTO_INCREMENT=101 DEFAULT CHARSET=utf8mb4 COLLATE=utf8mb4_unicode_ci COMMENT='Медиафайлы';
/*!40101 SET character_set_client = @saved_cs_client */;

--
-- Dumping data for table `media`
--

LOCK TABLES `media` WRITE;
/*!40000 ALTER TABLE `media` DISABLE KEYS */;
INSERT INTO `media` VALUES (1,57,'http://dropbox.net/vk/ut.mp4',417404,'{\"owner\": \"Devin Herzog\"}',3,'1989-04-27 17:18:59','2021-04-26 17:35:26'),(2,31,'http://dropbox.net/vk/eveniet.avi',123819,'{\"owner\": \"Elmira Olson\"}',3,'2013-06-10 05:59:42','2021-04-26 17:35:26'),(3,86,'http://dropbox.net/vk/minima.mp4',965205,'{\"owner\": \"Barton Ernser\"}',3,'2001-01-31 15:10:00','2021-04-26 17:32:54'),(4,34,'http://dropbox.net/vk/deleniti.avi',239012,'{\"owner\": \"Lester Stanton\"}',3,'1986-07-31 21:12:02','2021-04-26 17:35:26'),(5,14,'http://dropbox.net/vk/rerum.jpeg',444568,'{\"owner\": \"Asha Strosin\"}',2,'1996-11-05 18:58:05','2021-04-26 17:35:26'),(6,66,'http://dropbox.net/vk/quas.mp3',317225,'{\"owner\": \"Dennis Yundt\"}',1,'2015-04-26 04:58:01','2021-04-26 17:35:26'),(7,86,'http://dropbox.net/vk/et.png',73468868,'{\"owner\": \"Barton Ernser\"}',1,'1976-01-19 08:28:34','2021-04-26 17:35:26'),(8,33,'http://dropbox.net/vk/earum.png',8211846,'{\"owner\": \"Ernesto Olson\"}',2,'1995-11-22 01:05:47','2021-04-26 17:35:26'),(9,7,'http://dropbox.net/vk/quis.png',242421,'{\"owner\": \"Eloisa Schowalter\"}',1,'2001-02-24 08:12:27','2021-04-26 17:35:26'),(10,36,'http://dropbox.net/vk/debitis.avi',808097496,'{\"owner\": \"Paxton O\'Keefe\"}',3,'2018-10-09 01:04:36','2021-04-26 17:35:26'),(11,58,'http://dropbox.net/vk/pariatur.mp4',124814,'{\"owner\": \"Charity Cole\"}',1,'1993-02-05 21:14:32','2021-04-26 17:35:26'),(12,80,'http://dropbox.net/vk/qui.mp4',250431,'{\"owner\": \"Fletcher Jacobson\"}',1,'1986-06-01 16:35:05','2021-04-26 17:35:26'),(13,27,'http://dropbox.net/vk/molestiae.jpeg',514893,'{\"owner\": \"Brielle Thompson\"}',2,'1984-12-18 00:37:34','2021-04-26 17:35:26'),(14,92,'http://dropbox.net/vk/voluptatum.mp3',7976055,'{\"owner\": \"Max D\'Amore\"}',2,'2019-04-18 16:21:51','2021-04-26 17:35:26'),(15,81,'http://dropbox.net/vk/ratione.png',4103141,'{\"owner\": \"Candice Toy\"}',3,'1982-02-25 16:55:37','2021-04-26 17:35:26'),(16,26,'http://dropbox.net/vk/nesciunt.png',5752209,'{\"owner\": \"Toni Rau\"}',1,'2000-08-15 20:14:05','2021-04-26 17:35:26'),(17,89,'http://dropbox.net/vk/quia.mp4',184533,'{\"owner\": \"Herminio Bode\"}',1,'1995-04-30 14:42:40','2021-04-26 17:35:26'),(18,65,'http://dropbox.net/vk/qui.avi',711440,'{\"owner\": \"Gia Stiedemann\"}',1,'2006-06-13 16:37:57','2021-04-26 17:35:26'),(19,57,'http://dropbox.net/vk/quibusdam.avi',66230875,'{\"owner\": \"Devin Herzog\"}',1,'1971-02-01 15:11:10','2021-04-26 17:35:26'),(20,92,'http://dropbox.net/vk/qui.avi',4517665,'{\"owner\": \"Max D\'Amore\"}',2,'2015-09-19 10:32:40','2021-04-26 17:35:26'),(21,87,'http://dropbox.net/vk/aut.png',6060562,'{\"owner\": \"Shaniya Flatley\"}',3,'1974-03-02 22:22:33','2021-04-26 17:35:26'),(22,61,'http://dropbox.net/vk/ipsum.mp3',6668990,'{\"owner\": \"Zelda Marvin\"}',3,'1971-09-05 14:18:18','2021-04-26 17:35:26'),(23,41,'http://dropbox.net/vk/non.mp3',813174,'{\"owner\": \"Eleazar Robel\"}',3,'2003-06-22 09:12:51','2021-04-26 17:35:26'),(24,20,'http://dropbox.net/vk/eum.avi',56056083,'{\"owner\": \"Alexie Quitzon\"}',2,'2008-01-22 16:53:45','2021-04-26 17:35:26'),(25,79,'http://dropbox.net/vk/quas.mp3',323298180,'{\"owner\": \"Hyman Wisoky\"}',1,'2006-01-27 01:40:25','2021-04-26 17:35:26'),(26,35,'http://dropbox.net/vk/dolor.jpeg',9140,'{\"owner\": \"Rod Adams\"}',1,'1973-11-15 19:49:09','2021-04-26 17:35:26'),(27,37,'http://dropbox.net/vk/natus.png',2893,'{\"owner\": \"Hanna Hamill\"}',3,'1993-07-14 22:08:10','2021-04-26 17:35:26'),(28,79,'http://dropbox.net/vk/placeat.jpeg',511189,'{\"owner\": \"Hyman Wisoky\"}',1,'2020-08-09 17:01:04','2021-04-26 17:35:26'),(29,82,'http://dropbox.net/vk/quisquam.jpeg',1796,'{\"owner\": \"Clifton Emard\"}',2,'1996-06-27 12:36:15','2021-04-26 17:35:26'),(30,73,'http://dropbox.net/vk/optio.png',106425,'{\"owner\": \"Pearlie Treutel\"}',1,'1983-05-24 23:45:49','2021-04-26 17:35:26'),(31,20,'http://dropbox.net/vk/eligendi.mp3',988559,'{\"owner\": \"Alexie Quitzon\"}',1,'1983-05-04 05:18:37','2021-04-26 17:35:26'),(32,81,'http://dropbox.net/vk/enim.avi',613521,'{\"owner\": \"Candice Toy\"}',3,'2005-04-01 14:34:52','2021-04-26 17:35:26'),(33,45,'http://dropbox.net/vk/nemo.mp4',91927,'{\"owner\": \"Dalton Carroll\"}',3,'1985-01-04 04:55:39','2021-04-26 17:35:26'),(34,81,'http://dropbox.net/vk/tempore.avi',149994,'{\"owner\": \"Candice Toy\"}',1,'2003-07-19 08:07:01','2021-04-26 17:35:26'),(35,70,'http://dropbox.net/vk/fugit.mp3',609071,'{\"owner\": \"Bell Kreiger\"}',1,'1973-05-15 23:58:37','2021-04-26 17:35:26'),(36,6,'http://dropbox.net/vk/neque.avi',98578,'{\"owner\": \"Rose Stiedemann\"}',1,'2004-10-25 13:57:44','2021-04-26 17:35:26'),(37,21,'http://dropbox.net/vk/numquam.avi',45508775,'{\"owner\": \"Miles Bosco\"}',1,'2010-11-15 18:52:09','2021-04-26 17:35:26'),(38,86,'http://dropbox.net/vk/eum.mp4',27707,'{\"owner\": \"Barton Ernser\"}',1,'1985-01-16 23:45:33','2021-04-26 17:35:26'),(39,66,'http://dropbox.net/vk/ea.mp4',759576,'{\"owner\": \"Dennis Yundt\"}',2,'1985-11-01 11:16:31','2021-04-26 17:35:26'),(40,71,'http://dropbox.net/vk/doloribus.png',4883,'{\"owner\": \"Alessia Wolf\"}',2,'2011-02-13 15:53:23','2021-04-26 17:35:26'),(41,58,'http://dropbox.net/vk/aliquid.mp3',960668,'{\"owner\": \"Charity Cole\"}',2,'2011-07-25 22:43:29','2021-04-26 17:35:26'),(42,76,'http://dropbox.net/vk/qui.mp3',75284691,'{\"owner\": \"Taylor Runolfsson\"}',1,'2018-05-24 03:58:54','2021-04-26 17:35:26'),(43,6,'http://dropbox.net/vk/distinctio.avi',514612,'{\"owner\": \"Rose Stiedemann\"}',2,'1978-08-05 20:24:32','2021-04-26 17:35:26'),(44,1,'http://dropbox.net/vk/ut.jpeg',681055,'{\"owner\": \"Macey DuBuque\"}',3,'2010-11-18 02:54:07','2021-04-26 17:35:26'),(45,86,'http://dropbox.net/vk/nihil.png',851441,'{\"owner\": \"Barton Ernser\"}',3,'1993-05-03 22:33:04','2021-04-26 17:35:26'),(46,26,'http://dropbox.net/vk/nesciunt.avi',204042,'{\"owner\": \"Toni Rau\"}',2,'1983-07-13 14:56:53','2021-04-26 17:35:26'),(47,72,'http://dropbox.net/vk/omnis.png',9227,'{\"owner\": \"Herta Denesik\"}',1,'1998-08-30 00:37:22','2021-04-26 17:35:26'),(48,82,'http://dropbox.net/vk/quia.mp4',7426,'{\"owner\": \"Clifton Emard\"}',1,'1994-02-01 07:16:30','2021-04-26 17:35:26'),(49,94,'http://dropbox.net/vk/consequatur.mp3',5251764,'{\"owner\": \"Lucius Schamberger\"}',1,'1983-02-27 23:08:37','2021-04-26 17:35:26'),(50,24,'http://dropbox.net/vk/hic.png',455887,'{\"owner\": \"Sebastian Parker\"}',1,'1971-12-23 21:09:43','2021-04-26 17:35:26'),(51,39,'http://dropbox.net/vk/enim.avi',892136,'{\"owner\": \"William Murazik\"}',1,'2003-09-10 13:05:04','2021-04-26 17:35:26'),(52,20,'http://dropbox.net/vk/eos.avi',657309,'{\"owner\": \"Alexie Quitzon\"}',3,'1985-10-22 09:26:18','2021-04-26 17:35:26'),(53,83,'http://dropbox.net/vk/suscipit.avi',254032514,'{\"owner\": \"Keven Ebert\"}',3,'1979-02-10 15:03:54','2021-04-26 17:35:26'),(54,53,'http://dropbox.net/vk/non.avi',3555403,'{\"owner\": \"Darian Gleichner\"}',2,'1999-10-25 08:13:32','2021-04-26 17:35:26'),(55,15,'http://dropbox.net/vk/quas.mp4',30688,'{\"owner\": \"Vance O\'Hara\"}',3,'1979-09-07 15:42:37','2021-04-26 17:35:26'),(56,15,'http://dropbox.net/vk/quisquam.avi',7085899,'{\"owner\": \"Vance O\'Hara\"}',1,'1989-07-21 21:06:11','2021-04-26 17:35:26'),(57,29,'http://dropbox.net/vk/laboriosam.mp3',908884,'{\"owner\": \"Mariam Smith\"}',2,'1973-09-03 10:35:28','2021-04-26 17:35:26'),(58,2,'http://dropbox.net/vk/officiis.mp3',562495,'{\"owner\": \"Randy Blanda\"}',1,'1994-04-27 10:53:59','2021-04-26 17:35:26'),(59,20,'http://dropbox.net/vk/aut.mp4',75824,'{\"owner\": \"Alexie Quitzon\"}',2,'2008-01-14 02:44:59','2021-04-26 17:35:26'),(60,95,'http://dropbox.net/vk/sed.png',681635,'{\"owner\": \"Jacinto Johns\"}',3,'1998-11-17 11:00:12','2021-04-26 17:35:26'),(61,15,'http://dropbox.net/vk/eaque.mp3',170704,'{\"owner\": \"Vance O\'Hara\"}',1,'1994-07-13 09:17:42','2021-04-26 17:35:26'),(62,90,'http://dropbox.net/vk/sed.png',798614,'{\"owner\": \"Destinee Altenwerth\"}',2,'2015-04-25 10:09:05','2021-04-26 17:35:26'),(63,5,'http://dropbox.net/vk/dolorum.jpeg',470961,'{\"owner\": \"Rosemary Berge\"}',2,'2015-09-09 10:26:54','2021-04-26 17:35:26'),(64,53,'http://dropbox.net/vk/optio.mp3',948962,'{\"owner\": \"Darian Gleichner\"}',1,'2005-07-24 10:09:52','2021-04-26 17:35:26'),(65,48,'http://dropbox.net/vk/provident.jpeg',321927,'{\"owner\": \"Kirstin Nolan\"}',1,'1983-08-19 00:39:28','2021-04-26 17:35:26'),(66,83,'http://dropbox.net/vk/vitae.jpeg',33512,'{\"owner\": \"Keven Ebert\"}',3,'1995-11-11 07:20:33','2021-04-26 17:35:26'),(67,71,'http://dropbox.net/vk/doloribus.jpeg',334247,'{\"owner\": \"Alessia Wolf\"}',2,'1978-08-26 22:43:12','2021-04-26 17:35:26'),(68,6,'http://dropbox.net/vk/accusamus.png',752748,'{\"owner\": \"Rose Stiedemann\"}',1,'1993-01-05 06:04:15','2021-04-26 17:35:26'),(69,17,'http://dropbox.net/vk/a.mp4',668571640,'{\"owner\": \"Davon Gottlieb\"}',3,'1991-01-01 06:22:41','2021-04-26 17:35:26'),(70,65,'http://dropbox.net/vk/dolor.png',787963,'{\"owner\": \"Gia Stiedemann\"}',3,'2000-08-17 12:05:27','2021-04-26 17:35:26'),(71,74,'http://dropbox.net/vk/ea.mp3',53301019,'{\"owner\": \"Neva Hickle\"}',1,'1971-08-09 01:58:45','2021-04-26 17:35:26'),(72,75,'http://dropbox.net/vk/similique.mp3',8898629,'{\"owner\": \"Lamar Ledner\"}',3,'1987-03-13 04:16:19','2021-04-26 17:35:26'),(73,53,'http://dropbox.net/vk/id.png',9213393,'{\"owner\": \"Darian Gleichner\"}',1,'2007-03-13 16:45:13','2021-04-26 17:35:26'),(74,40,'http://dropbox.net/vk/sit.mp3',6828,'{\"owner\": \"Armani Wilderman\"}',3,'1984-10-27 07:55:46','2021-04-26 17:35:26'),(75,41,'http://dropbox.net/vk/officiis.jpeg',161632,'{\"owner\": \"Eleazar Robel\"}',2,'1991-03-18 01:48:53','2021-04-26 17:35:26'),(76,85,'http://dropbox.net/vk/nihil.mp4',5852,'{\"owner\": \"Colby Bergnaum\"}',3,'1976-02-02 17:21:22','2021-04-26 17:35:26'),(77,2,'http://dropbox.net/vk/qui.avi',671568,'{\"owner\": \"Randy Blanda\"}',2,'2003-08-29 10:20:45','2021-04-26 17:35:26'),(78,53,'http://dropbox.net/vk/quidem.jpeg',983955,'{\"owner\": \"Darian Gleichner\"}',2,'2001-03-21 03:38:00','2021-04-26 17:35:26'),(79,58,'http://dropbox.net/vk/eos.mp3',6062,'{\"owner\": \"Charity Cole\"}',3,'2006-11-02 13:33:33','2021-04-26 17:35:26'),(80,31,'http://dropbox.net/vk/amet.mp4',895069,'{\"owner\": \"Elmira Olson\"}',2,'2021-04-10 00:49:20','2021-04-26 17:35:26'),(81,81,'http://dropbox.net/vk/dolor.mp3',513480,'{\"owner\": \"Candice Toy\"}',3,'1992-03-12 05:35:58','2021-04-26 17:35:26'),(82,13,'http://dropbox.net/vk/aut.mp4',120139193,'{\"owner\": \"Soledad Wilderman\"}',2,'2009-03-03 22:07:03','2021-04-26 17:35:26'),(83,20,'http://dropbox.net/vk/ad.avi',872193,'{\"owner\": \"Alexie Quitzon\"}',3,'1986-04-21 21:40:45','2021-04-26 17:35:26'),(84,63,'http://dropbox.net/vk/tempora.jpeg',3027454,'{\"owner\": \"Alize Oberbrunner\"}',3,'1972-11-12 13:48:56','2021-04-26 17:35:26'),(85,52,'http://dropbox.net/vk/iste.avi',810526,'{\"owner\": \"Shawn Jenkins\"}',1,'2008-02-20 16:00:10','2021-04-26 17:35:26'),(86,70,'http://dropbox.net/vk/aut.mp4',627456904,'{\"owner\": \"Bell Kreiger\"}',3,'1974-06-17 11:52:39','2021-04-26 17:35:26'),(87,94,'http://dropbox.net/vk/veritatis.png',426053,'{\"owner\": \"Lucius Schamberger\"}',3,'2017-03-06 02:32:21','2021-04-26 17:35:26'),(88,60,'http://dropbox.net/vk/quos.mp3',688689,'{\"owner\": \"Walker Prosacco\"}',2,'2016-03-23 21:44:34','2021-04-26 17:35:26'),(89,15,'http://dropbox.net/vk/in.jpeg',75219,'{\"owner\": \"Vance O\'Hara\"}',3,'1975-08-08 04:56:05','2021-04-26 17:35:26'),(90,97,'http://dropbox.net/vk/quae.mp4',882956054,'{\"owner\": \"Devon Schmitt\"}',2,'1997-05-22 21:50:28','2021-04-26 17:35:26'),(91,38,'http://dropbox.net/vk/architecto.png',155283,'{\"owner\": \"Heath Cummerata\"}',2,'1994-04-20 21:00:41','2021-04-26 17:35:26'),(92,99,'http://dropbox.net/vk/voluptatem.jpeg',142654940,'{\"owner\": \"Silas Pouros\"}',1,'1993-08-04 05:34:50','2021-04-26 17:35:26'),(93,82,'http://dropbox.net/vk/in.png',1792,'{\"owner\": \"Clifton Emard\"}',3,'1987-06-11 18:34:02','2021-04-26 17:35:26'),(94,13,'http://dropbox.net/vk/et.png',700352,'{\"owner\": \"Soledad Wilderman\"}',1,'1977-09-24 17:54:58','2021-04-26 17:35:26'),(95,19,'http://dropbox.net/vk/aut.jpeg',25909,'{\"owner\": \"Kali Cormier\"}',3,'1999-08-14 16:48:47','2021-04-26 17:35:26'),(96,55,'http://dropbox.net/vk/voluptate.avi',35542978,'{\"owner\": \"Oral Haag\"}',3,'1987-12-13 22:55:37','2021-04-26 17:35:26'),(97,15,'http://dropbox.net/vk/autem.png',99188286,'{\"owner\": \"Vance O\'Hara\"}',2,'1992-02-02 15:46:54','2021-04-26 17:35:26'),(98,13,'http://dropbox.net/vk/et.avi',18492,'{\"owner\": \"Soledad Wilderman\"}',3,'1973-09-23 20:28:48','2021-04-26 17:35:26'),(99,16,'http://dropbox.net/vk/sit.mp4',803012,'{\"owner\": \"Estel Quitzon\"}',3,'2017-08-07 18:01:47','2021-04-26 17:35:26'),(100,44,'http://dropbox.net/vk/omnis.mp4',211480697,'{\"owner\": \"Afton Bayer\"}',3,'2012-09-14 22:44:48','2021-04-26 17:35:26');
/*!40000 ALTER TABLE `media` ENABLE KEYS */;
UNLOCK TABLES;

--
-- Table structure for table `media_types`
--

DROP TABLE IF EXISTS `media_types`;
/*!40101 SET @saved_cs_client     = @@character_set_client */;
/*!50503 SET character_set_client = utf8mb4 */;
CREATE TABLE `media_types` (
  `id` int unsigned NOT NULL AUTO_INCREMENT COMMENT 'Идентификатор строки',
  `name` varchar(255) CHARACTER SET utf8mb4 COLLATE utf8mb4_unicode_ci NOT NULL COMMENT 'Название типа',
  `created_at` datetime DEFAULT CURRENT_TIMESTAMP COMMENT 'Время создания строки',
  `updated_at` datetime DEFAULT CURRENT_TIMESTAMP ON UPDATE CURRENT_TIMESTAMP COMMENT 'Время обновления строки',
  PRIMARY KEY (`id`),
  UNIQUE KEY `name` (`name`)
) ENGINE=InnoDB DEFAULT CHARSET=utf8mb4 COLLATE=utf8mb4_unicode_ci COMMENT='Типы медиафайлов';
/*!40101 SET character_set_client = @saved_cs_client */;

--
-- Dumping data for table `media_types`
--

LOCK TABLES `media_types` WRITE;
/*!40000 ALTER TABLE `media_types` DISABLE KEYS */;
/*!40000 ALTER TABLE `media_types` ENABLE KEYS */;
UNLOCK TABLES;

--
-- Table structure for table `messages`
--

DROP TABLE IF EXISTS `messages`;
/*!40101 SET @saved_cs_client     = @@character_set_client */;
/*!50503 SET character_set_client = utf8mb4 */;
CREATE TABLE `messages` (
  `id` int unsigned NOT NULL AUTO_INCREMENT COMMENT 'Идентификатор строки',
  `from_user_id` int unsigned NOT NULL COMMENT 'Ссылка на отправителя сообщения',
  `to_user_id` int unsigned NOT NULL COMMENT 'Ссылка на получателя сообщения',
  `body` text CHARACTER SET utf8mb4 COLLATE utf8mb4_unicode_ci NOT NULL COMMENT 'Текст сообщения',
  `is_important` tinyint(1) DEFAULT NULL COMMENT 'Признак важности',
  `is_delivered` tinyint(1) DEFAULT NULL COMMENT 'Признак доставки',
  `created_at` datetime DEFAULT CURRENT_TIMESTAMP COMMENT 'Время создания строки',
  PRIMARY KEY (`id`)
) ENGINE=InnoDB AUTO_INCREMENT=101 DEFAULT CHARSET=utf8mb4 COLLATE=utf8mb4_unicode_ci COMMENT='Сообщения';
/*!40101 SET character_set_client = @saved_cs_client */;

--
-- Dumping data for table `messages`
--

LOCK TABLES `messages` WRITE;
/*!40000 ALTER TABLE `messages` DISABLE KEYS */;
INSERT INTO `messages` VALUES (1,83,22,'Ex magnam tempore quasi. Maiores sed aut dolore quis omnis exercitationem qui. Distinctio velit dolor laboriosam cupiditate in iusto veniam. Autem error debitis ipsam commodi adipisci recusandae veniam.',1,1,'1991-03-13 01:25:35'),(2,64,52,'Id et magnam eos accusantium saepe aut atque. Illum dicta laboriosam sequi id.',0,0,'2000-07-21 20:30:29'),(3,68,82,'At dolores quam magnam ad voluptatem. Distinctio nulla maiores at alias eligendi voluptates. Perspiciatis rerum architecto et consectetur eos eos provident. Mollitia labore ipsam ut saepe corporis.',1,0,'1987-06-08 14:20:05'),(4,7,89,'Aut assumenda nam eos est. Natus quo ut nesciunt quaerat illum sapiente. Provident ipsa vitae aspernatur nobis omnis. Qui rerum voluptates consequatur voluptatibus.',0,0,'2015-01-18 04:46:11'),(5,23,49,'Et fugit impedit dolorum suscipit. Perferendis magnam ex omnis saepe dolorum cupiditate iste. Voluptatem sunt dignissimos voluptatem.',1,0,'1988-09-18 00:45:20'),(6,76,33,'Qui officia tenetur repudiandae. Est asperiores amet rerum. Quasi dolores cum quos vel ut qui delectus. Eveniet facere ipsum voluptas architecto reprehenderit harum repellendus.',0,1,'1980-06-11 05:28:03'),(7,35,77,'Qui error nesciunt quas. Ea ut non et.',1,1,'1971-10-03 15:01:54'),(8,80,68,'Ipsum et voluptatem occaecati perferendis id officia. Harum sint quo corrupti perferendis laborum dicta est. Consectetur consequatur voluptatem autem sit itaque aliquam.',0,0,'2020-09-06 10:17:27'),(9,99,90,'Doloribus porro perspiciatis saepe et. Reiciendis sunt sed dolorum libero impedit. At non vel ipsam eos sequi.',0,1,'2010-04-08 18:42:17'),(10,53,95,'Quo in odio aut dolores temporibus. Accusamus officiis earum dolor maiores harum est. Voluptatem tempora laboriosam pariatur aut deserunt deleniti.',1,1,'1996-12-25 03:38:01'),(11,15,88,'Eaque labore qui voluptatem quis vel et. Fuga molestiae sit labore dicta. Culpa illo asperiores delectus soluta accusantium voluptas assumenda. Quas ut voluptas aut dignissimos ea maxime.',0,0,'2007-07-08 16:07:17'),(12,94,7,'Et voluptas laudantium porro culpa et aspernatur. Sit unde impedit provident vel. Sint incidunt dolore sit dolore aut sequi.',0,1,'2020-10-10 01:17:05'),(13,53,43,'Fuga aut rerum rem perferendis quod qui. Sed dolorum aut non saepe aut qui minima et. Deleniti error doloribus possimus numquam consequuntur dicta consequuntur.',0,1,'1997-11-21 00:40:25'),(14,57,57,'Adipisci ipsum ipsa ipsum ut cupiditate quae labore commodi. Repudiandae impedit exercitationem quia modi placeat. Fuga est vitae doloribus odio nobis et dolores. Pariatur quo deserunt quo doloremque nobis laboriosam laboriosam. Sunt quod totam ratione eum laboriosam placeat molestiae beatae.',1,1,'2020-09-21 12:43:44'),(15,10,79,'Autem ab sed sunt sed illum autem. Possimus est laudantium eligendi. Optio autem numquam itaque.',0,0,'1975-07-09 00:58:45'),(16,65,87,'Sed sequi saepe quod est et nihil quis. Illum quia suscipit architecto vero. Vel non fugit earum sed doloribus labore quia. Voluptas sequi est nobis itaque optio dolores eum. Atque ut nihil sed sint dolores.',1,0,'1978-02-04 17:31:43'),(17,40,38,'Ullam laboriosam quia tempora aliquam. Enim voluptatem et porro sit non rerum. Est iusto suscipit voluptates et. Quas est repellat possimus ullam.',0,1,'1977-02-19 06:31:47'),(18,69,30,'Officia ut voluptas deserunt totam. Mollitia iusto nam ex cumque dolorem rerum sequi. Neque ut quibusdam qui. Dolores tempore eveniet ducimus ipsam optio et.',1,1,'2001-06-10 20:29:57'),(19,42,19,'Cumque molestiae placeat iure numquam. Numquam libero in aspernatur quo ut. Velit sed autem ex eveniet excepturi velit ipsam. Iste eos pariatur vel et.',0,0,'1975-05-23 00:47:18'),(20,68,86,'Dolore nisi dolor excepturi sapiente maxime iste. Suscipit et voluptatem incidunt. Distinctio ipsa beatae omnis modi. Dolor eligendi doloribus ab et.',0,1,'2005-05-24 07:15:06'),(21,22,53,'Aut autem ea dolore est quod. Eos est ut autem. Dolore nobis earum nulla quis ad eum quis. Ducimus sit harum aperiam non tenetur id vel. Eos voluptas ipsa sed quod quia et.',1,1,'1993-03-22 04:15:02'),(22,98,31,'Et enim fugit quia provident nam aspernatur molestiae. Suscipit corporis possimus magnam reprehenderit cumque quidem. At nemo ab rem facere enim soluta voluptatibus. Quos mollitia et soluta velit veritatis tempore qui. Blanditiis in architecto nemo.',0,0,'1974-09-13 03:39:06'),(23,60,5,'Temporibus iure iste non error repudiandae. Nihil recusandae praesentium assumenda perferendis. Magnam quis itaque laudantium quas. Assumenda omnis ex doloremque illo.',0,1,'1987-04-10 10:00:57'),(24,45,8,'Culpa optio et tenetur animi autem sed nesciunt. Aut maxime consequatur ratione debitis ut natus. Aut et nam ipsa repellat et. Saepe enim fugit laboriosam error dolore consequatur. In eum nesciunt neque ea.',0,1,'1972-05-05 06:23:36'),(25,6,4,'Amet at voluptas doloremque doloremque autem eaque. Deleniti fuga enim fugit ipsa deserunt et. Voluptatem aperiam et pariatur perspiciatis sapiente. Esse iste culpa sequi sapiente omnis. Laboriosam aspernatur dolorem rerum ut nisi aut perspiciatis.',0,1,'2000-08-03 19:53:21'),(26,4,6,'Laudantium occaecati non quod. Perspiciatis praesentium incidunt quia quo rerum quisquam. Voluptas dolorum sequi ullam provident aut molestias officia. In id perspiciatis omnis iste velit molestias.',1,0,'1981-10-30 21:10:18'),(27,17,67,'Dicta rem labore cumque voluptas sunt corrupti qui. Occaecati dolore libero cum delectus quam nemo sequi.',0,1,'2007-05-25 12:39:53'),(28,83,12,'Eveniet quo in earum ut quisquam. Cumque dolore consequuntur voluptas sunt iusto nisi. Sit porro velit et eum et quidem. Necessitatibus libero qui atque non.',1,1,'1993-10-08 09:03:35'),(29,11,19,'Fugiat eligendi est sed blanditiis ut eum. Reiciendis odio iure adipisci rem aliquam. Accusamus minima est id non accusamus. Unde nostrum cumque ipsum ut tempore perferendis.',0,1,'1988-11-11 19:59:12'),(30,61,50,'Suscipit est quia aliquam inventore molestiae est. Dolor optio voluptatem eaque expedita non. Consequuntur quibusdam quae a quaerat ut voluptate voluptatibus. Quasi et enim quos qui asperiores quia repellendus.',1,0,'2007-10-08 05:23:46'),(31,65,73,'Maxime non et rem vel quam rem qui consequatur. Aperiam voluptates perferendis adipisci doloremque veniam eligendi provident. Nesciunt suscipit qui repudiandae voluptatem.',1,1,'2007-02-05 18:31:33'),(32,69,28,'Modi est eum doloremque iusto sed. Unde eum commodi nemo sapiente eaque. Sed nobis eaque reprehenderit assumenda est totam eos id.',1,1,'1988-07-19 03:15:25'),(33,30,66,'Debitis sed mollitia quo ea. Ratione autem ipsa nihil est aspernatur id nesciunt.',1,0,'2003-12-07 11:33:30'),(34,41,7,'Totam laudantium consequatur ut et dicta odit quo. Laboriosam illum vel voluptates tenetur corrupti labore. Eius perferendis ut dicta exercitationem consequatur expedita ut eveniet. Quas quis aut et magni minus.',1,1,'1980-01-23 18:24:22'),(35,10,31,'Incidunt deleniti commodi distinctio rem nostrum. Quo architecto et accusamus dolores voluptatum iusto. Vero labore in modi est. Et et quia maiores.',0,0,'2016-08-30 12:25:55'),(36,22,19,'Omnis ipsa reprehenderit voluptatem dolores dolore sed. Deleniti labore aut voluptas ut. Et quaerat porro fugit reprehenderit est ipsum.',0,0,'1983-06-07 17:06:17'),(37,28,80,'Reprehenderit corporis eum eum reprehenderit dolores perferendis fugiat. Officiis est a error laborum. Ducimus eum ullam labore pariatur nesciunt fuga laborum.',0,0,'2020-05-27 10:15:41'),(38,17,44,'Expedita placeat et labore quis sint modi. Quis impedit dolore beatae sunt ut et occaecati. Quas dolor est ut sunt eveniet.',1,0,'2000-07-17 14:18:28'),(39,67,3,'Doloremque voluptas voluptatem mollitia doloribus omnis excepturi commodi possimus. Quia tenetur et et nemo recusandae eius corporis. Laudantium dolore et vel provident mollitia. Blanditiis in et corrupti. Sunt nostrum officia qui ut.',1,1,'1974-07-13 09:22:43'),(40,15,63,'Aut eligendi odio quisquam autem nulla modi. Non qui laboriosam porro enim repellat aspernatur ut libero. Exercitationem nam cupiditate qui non excepturi sit. Velit vero culpa quasi sunt assumenda laudantium. Nisi dignissimos ut et exercitationem hic.',1,1,'1999-01-20 14:20:58'),(41,72,69,'Iste ut iure veritatis provident odio corrupti consequuntur necessitatibus. Veritatis rem voluptas est quasi repudiandae iure. Itaque provident quis veritatis culpa est dolorem quas.',1,0,'2020-04-09 19:17:41'),(42,29,37,'Nobis doloremque vel est sed porro laborum iure. Ea veritatis at veritatis non consectetur atque. Et rerum deleniti omnis quia autem quisquam.',1,0,'1988-05-25 15:24:10'),(43,98,78,'Fuga quia laborum quod dolor. Similique et adipisci molestiae culpa qui officiis neque. Quam impedit vero id omnis repellat possimus. Laboriosam aut occaecati totam.',0,0,'2019-11-30 14:13:39'),(44,97,51,'Sunt ut sit et et voluptas qui aut. Quasi et sint adipisci ut dignissimos ducimus. Cum quisquam magni voluptate facilis. Vel quibusdam fuga est consequatur.',1,0,'1976-09-18 14:12:43'),(45,64,67,'Aut expedita eum minus nobis nobis voluptate. Aspernatur ullam quos ut consequatur asperiores eligendi. Nihil repellat sed tenetur possimus dolor.',0,0,'1980-09-21 14:41:33'),(46,42,10,'Quae dolores corrupti esse illum esse alias. Omnis ipsum voluptatem ut ab atque iure deserunt. Omnis aliquam labore odit recusandae impedit. Similique rem dolore ut reprehenderit commodi vel.',1,0,'2019-03-25 02:46:05'),(47,23,85,'Expedita adipisci quia ipsa cupiditate qui. Quis asperiores eveniet impedit praesentium placeat sit ad. Quas vel error voluptatum ab.',1,0,'1982-06-25 10:20:17'),(48,56,24,'Illum beatae quia officia aut quis. Natus aut harum eum. Suscipit id ut veritatis nihil dolor et. Qui molestiae voluptatem itaque non illo.',0,1,'1975-02-05 07:01:08'),(49,52,86,'Voluptatum et rerum eos deleniti. Id et repellat molestias et dolorum quis unde. Sit laborum laborum et.',1,0,'1984-12-06 11:42:36'),(50,75,17,'Accusantium quo magnam laborum aliquam deleniti quo. Dicta quae saepe harum est minus. Voluptatum voluptatem explicabo esse ducimus rerum quasi.',0,0,'2016-05-09 18:49:23'),(51,57,35,'Deleniti ad omnis officia quidem sit placeat soluta. Iure atque nulla labore ut et est commodi. Itaque ipsam et quaerat tempore accusamus quod ipsam rerum. Quia quos nam similique ut natus in sint iure.',0,1,'1995-12-27 02:15:01'),(52,4,16,'Quidem eum deleniti vero molestiae omnis accusantium. Eveniet expedita distinctio et rem aut qui. Consequatur similique illo illo est est aut. Rerum sit earum deserunt sint qui.',0,1,'1984-10-27 17:36:46'),(53,66,82,'Perspiciatis enim doloribus quidem consequatur. Provident illo iste veritatis alias dolor omnis.',1,0,'2004-09-24 11:47:33'),(54,11,7,'Autem magni nihil aut. Perspiciatis itaque inventore nulla sint aut. Ut ratione possimus doloribus omnis perferendis. Eveniet explicabo neque consequatur minima.',1,0,'1974-03-09 04:00:46'),(55,3,94,'Id quis sequi ducimus rem eaque ea et. Expedita voluptate sit eos qui. Fuga iste dicta omnis rem harum veniam voluptate cupiditate.',1,0,'1984-07-08 00:38:51'),(56,59,14,'Mollitia facere est mollitia maxime at temporibus. Numquam et omnis enim sint voluptate veniam consequatur. Nisi qui vero nostrum ipsam nam dicta. Quia consequatur et natus praesentium officia. Quibusdam perspiciatis architecto et pariatur nisi.',1,1,'1993-11-17 01:31:12'),(57,92,16,'Architecto voluptatem sit sunt molestiae veritatis velit. Ut minima minima dolorum vel error magnam repellendus. Ducimus libero officia veritatis rem dolores. Provident dolores repellat officiis consequatur omnis voluptate voluptatibus. In voluptas id voluptate sit suscipit velit.',1,1,'1992-10-27 01:59:26'),(58,2,65,'Aut consequatur sunt nostrum. Et quos ut unde suscipit distinctio sed. Et possimus corrupti similique est sed quasi. Omnis quaerat vitae perspiciatis vel omnis ut est.',1,0,'1983-02-14 21:44:35'),(59,17,90,'Doloribus saepe maiores autem maiores consectetur sequi. Fugit repellat labore vel dolor. Officia odit sed sint aut ea ut. Facilis repudiandae inventore harum aut at quo.',1,1,'1991-10-09 04:52:10'),(60,100,28,'Quos minus sed id consequuntur cumque placeat. Minima dolores dolor mollitia odit architecto. Quaerat sed expedita et illo eius. Distinctio quia in magnam eligendi tempora nemo.',0,1,'2000-07-16 09:31:54'),(61,41,18,'Magni harum veritatis mollitia delectus magni saepe. Ea eveniet ratione amet facere fugiat sit. Unde a accusantium nemo et quia.',0,0,'2007-07-05 16:13:37'),(62,66,75,'Eius nulla reiciendis laudantium fugit dicta est. Mollitia quas dolore eaque et. Quasi cumque cupiditate eum veniam.',0,1,'1986-10-18 08:49:27'),(63,77,60,'Velit sed omnis incidunt praesentium odit. Aut ut illo ipsum aliquam. Ad eius officia et aut et eligendi. Magni blanditiis repellat unde.',0,0,'1995-12-19 20:36:44'),(64,69,66,'Aut voluptas aut odit reiciendis quia voluptatem et. Debitis non dolores quasi ut.',1,0,'1979-09-16 03:55:25'),(65,19,100,'Quidem sint aliquid quis dolor ea hic qui qui. Alias sapiente occaecati et facilis dolor est ea nesciunt. Sit et asperiores sunt nisi ratione. Dignissimos animi sit iste et consequatur dolorem nam.',0,0,'1973-03-24 03:49:41'),(66,39,96,'Voluptates aut omnis facilis qui non veritatis neque. Dignissimos id natus sint et. Minus veritatis itaque dicta placeat quos iusto sit. Ad voluptatem perspiciatis nihil doloribus aliquam.',0,1,'2005-09-01 09:14:25'),(67,63,27,'Modi aut magni excepturi architecto. At illo enim omnis voluptatem qui illum voluptatum.',0,0,'1987-06-14 11:46:28'),(68,43,36,'Est reiciendis eos error sapiente molestiae ratione optio praesentium. Sapiente aperiam ipsam laudantium eum. Sed in maiores ad temporibus voluptas et quo.',1,1,'2006-06-04 17:43:19'),(69,52,49,'Eius consequuntur suscipit est occaecati et alias. Sint tenetur quisquam explicabo vero. Officiis molestias iure eum laudantium. Voluptas ex omnis velit temporibus non ullam omnis.',1,1,'1995-01-30 03:09:49'),(70,89,99,'Sit quod omnis ab accusantium ut pariatur nobis. Consectetur reiciendis eligendi quo omnis quia voluptatem aut. A voluptas dolorem earum rerum praesentium.',1,1,'1999-03-16 09:36:11'),(71,27,36,'Dolor sunt totam aut inventore autem nobis ut. Repudiandae reiciendis fugit accusamus debitis occaecati assumenda et. Magnam quia ut sit ducimus et voluptatem minus.',1,1,'2009-06-05 16:26:00'),(72,99,86,'Quia veniam nobis omnis. Dignissimos et eius qui ad voluptas asperiores in. Rem enim autem excepturi reprehenderit maxime impedit.',1,0,'1976-08-12 23:57:00'),(73,33,6,'Ut nam reiciendis eos consequatur vitae et iste. Et excepturi dicta delectus. Optio ipsa quod minus possimus quia optio ex. Et sit quod quis fugiat ut assumenda qui. Cum molestiae aliquam cupiditate ut voluptatem.',0,0,'2007-07-13 15:22:00'),(74,31,36,'Nihil eius at qui autem expedita distinctio. Eos illo sunt consequatur necessitatibus et ut quibusdam. Omnis sequi quia sint aut explicabo aut temporibus.',1,1,'2015-11-01 04:02:41'),(75,88,32,'Illo autem sit voluptatem et pariatur saepe. Aut sapiente ullam distinctio excepturi ex. Nesciunt error sapiente ut excepturi autem id. Quod ut vitae rerum corporis et qui.',1,1,'1988-12-01 03:12:07'),(76,96,81,'Architecto alias adipisci laudantium dolor consequatur hic facere. Sapiente ratione aliquid velit aut tempora fugit voluptatem. Soluta in omnis id voluptatum aspernatur non aut adipisci. Laudantium delectus vitae commodi.',1,0,'1980-10-29 15:17:33'),(77,18,48,'Amet aliquid nihil voluptatum et molestiae illo. Asperiores ipsa reprehenderit nulla iste quis aut est eos. Natus consectetur velit illum eveniet id.',1,0,'2010-10-26 15:36:37'),(78,85,81,'Nam quod libero eos beatae facere. Id eum qui voluptatem perspiciatis omnis dolorem. Id qui voluptatem placeat. Voluptatem omnis est repellendus officia aliquam.',1,0,'2003-01-21 18:59:12'),(79,50,5,'Soluta aperiam ex quo. Voluptas illum rem dolorum voluptate et. Magnam assumenda in officiis odit sunt ad et est. Rerum ab voluptas est ut eos porro.',1,1,'1974-02-21 21:55:58'),(80,74,56,'Et sunt omnis error voluptates ad harum. Beatae et commodi eaque cumque. Et culpa quisquam nisi recusandae hic.',0,0,'2021-02-16 08:15:38'),(81,58,20,'Dolorem aperiam et iusto culpa qui. Veritatis quam eos deleniti nobis corrupti. Pariatur deleniti est et exercitationem at incidunt. Fuga sunt dignissimos aut iure quia laborum placeat ea.',1,0,'2014-03-03 22:57:42'),(82,25,66,'Aspernatur ullam voluptatum et dolorem libero ullam necessitatibus. Ut sed aut recusandae voluptate nam qui perferendis et. Omnis illo consequatur rem cumque corrupti aliquam minima. Quo voluptatem illo aliquam praesentium quaerat odit nemo. Et est aliquid modi rerum aperiam aut numquam.',1,1,'1992-08-04 09:18:20'),(83,52,65,'Debitis alias iure qui rerum et asperiores sequi. Aut commodi pariatur eveniet soluta qui distinctio. Explicabo asperiores voluptas aut id similique tempore perferendis.',1,1,'1973-04-05 00:10:20'),(84,66,37,'Iusto illo quo dolorem nostrum. Non ut iure et omnis error ducimus. Quibusdam veritatis aliquam minus tenetur molestiae eum ut.',1,1,'1989-11-16 09:44:12'),(85,85,13,'Voluptatem et maiores enim quam tempore. Dolore facilis officiis dolor itaque qui laborum vel. Consequuntur odio voluptatem ullam perspiciatis sunt.',0,1,'2011-03-24 05:57:46'),(86,12,19,'Saepe reprehenderit temporibus velit dolor. Laboriosam laborum eligendi aut ea. Vero maxime molestiae quas enim. Qui voluptates laudantium recusandae eaque.',1,1,'1999-01-07 15:32:08'),(87,61,44,'Temporibus tempore fugiat non. Exercitationem rerum ut repudiandae velit qui. Consequuntur omnis assumenda at voluptas omnis quaerat. Illo omnis quo ut perspiciatis.',1,0,'1981-03-23 15:59:40'),(88,39,60,'Reiciendis cupiditate fuga voluptates quisquam. Sapiente consequatur et assumenda magni. Suscipit quaerat et dignissimos.',1,1,'1973-02-25 22:22:14'),(89,82,30,'Et ipsam hic pariatur facere odit. Animi iure amet fugit ut numquam in. Reprehenderit ullam rerum quaerat ad earum inventore aperiam nam. Accusamus sint sed voluptate iure. At ullam hic et nulla asperiores consequatur et.',0,0,'1979-08-27 21:25:04'),(90,2,22,'Molestiae asperiores possimus quas. Omnis necessitatibus sequi nam alias totam. Iste atque corrupti nisi quia placeat qui est. Consequatur officiis placeat autem aut pariatur.',0,0,'2018-09-06 15:38:01'),(91,4,51,'Aliquid quaerat qui aspernatur repellat sit delectus in. Iste aut veniam voluptatum distinctio numquam eos. Quaerat officia laudantium sunt sit veniam laudantium.',1,1,'2015-06-13 19:12:40'),(92,44,68,'Dolores quos eos rem cumque fugiat amet. Et quibusdam enim expedita est. Unde est sunt dicta quam tempore velit. Accusantium impedit dignissimos neque natus omnis.',1,1,'1978-01-29 15:20:23'),(93,6,24,'Architecto sunt in cupiditate aut sed. Suscipit aut inventore et eius cum asperiores molestiae.',0,0,'2000-02-20 00:37:00'),(94,4,45,'Enim autem nobis sed voluptatem. In expedita molestiae aspernatur iusto. Fuga ipsa eos odit sed.',1,1,'1972-09-02 18:58:19'),(95,12,25,'Sed magnam ipsa rerum. Sit recusandae similique beatae perferendis vel fuga nobis. Autem repellendus quis amet vitae. Tenetur iusto dignissimos rerum et rem.',1,1,'1972-01-06 21:13:53'),(96,91,76,'Dolor eveniet voluptatem sequi laboriosam qui illo. Aut voluptates deserunt quae odio recusandae. Ipsam rem in nam explicabo. Excepturi aliquid et voluptatem optio et consequatur eveniet.',0,1,'1973-08-11 21:28:37'),(97,9,16,'Quibusdam illum dolorem ea mollitia quos. Explicabo velit vitae suscipit rerum nobis id tempora. Pariatur qui repudiandae enim nihil. Reprehenderit totam aspernatur ullam qui.',1,1,'2020-05-15 02:02:48'),(98,51,5,'Est ad omnis est sed ut officiis. Asperiores quia consequatur assumenda sed. Consectetur animi rerum qui maxime placeat optio assumenda et. Doloribus sequi explicabo voluptas autem quisquam.',1,1,'2012-10-18 01:32:57'),(99,75,58,'Porro aut iusto dolor aut aperiam dignissimos perferendis. Nemo accusantium voluptas ut iusto sequi sequi dolores. Sunt est illo aut dicta aliquid ullam. Molestiae exercitationem aspernatur est esse atque.',0,1,'1998-04-09 03:43:32'),(100,65,50,'Sunt velit sit veritatis laudantium eligendi omnis est. Impedit qui voluptatum perferendis et quia quidem. Voluptate iste nesciunt dolore quia. Aperiam quo ipsa quibusdam sint earum voluptas omnis. Nihil eos ea vel assumenda.',0,1,'1975-06-14 20:05:50');
/*!40000 ALTER TABLE `messages` ENABLE KEYS */;
UNLOCK TABLES;

--
-- Table structure for table `profiles`
--

DROP TABLE IF EXISTS `profiles`;
/*!40101 SET @saved_cs_client     = @@character_set_client */;
/*!50503 SET character_set_client = utf8mb4 */;
CREATE TABLE `profiles` (
  `user_id` int unsigned NOT NULL COMMENT 'Ссылка на пользователя',
  `gender` enum('M','F') COLLATE utf8mb4_unicode_ci DEFAULT NULL,
  `birthday` date DEFAULT NULL COMMENT 'Дата рождения',
  `city` varchar(130) CHARACTER SET utf8mb4 COLLATE utf8mb4_unicode_ci DEFAULT NULL COMMENT 'Город проживания',
  `country` varchar(130) CHARACTER SET utf8mb4 COLLATE utf8mb4_unicode_ci DEFAULT NULL COMMENT 'Страна проживания',
  `created_at` datetime DEFAULT CURRENT_TIMESTAMP COMMENT 'Время создания строки',
  `updated_at` datetime DEFAULT CURRENT_TIMESTAMP ON UPDATE CURRENT_TIMESTAMP COMMENT 'Время обновления строки',
  PRIMARY KEY (`user_id`)
) ENGINE=InnoDB DEFAULT CHARSET=utf8mb4 COLLATE=utf8mb4_unicode_ci COMMENT='Профили';
/*!40101 SET character_set_client = @saved_cs_client */;

--
-- Dumping data for table `profiles`
--

LOCK TABLES `profiles` WRITE;
/*!40000 ALTER TABLE `profiles` DISABLE KEYS */;
INSERT INTO `profiles` VALUES (1,'M','1978-01-08','Lake Vergiehaven','USA','1997-08-25 07:42:52','2021-04-26 17:31:38'),(2,'M','2010-02-22','East Kenya','Belarus','2011-06-26 11:46:56','2021-04-26 17:31:38'),(3,'M','2014-07-18','East Maximillianport','Russian Fderation','2015-07-21 15:46:51','2021-04-26 17:31:38'),(4,'M','1999-10-18','McCulloughchester','Belarus','2012-08-05 22:14:34','2021-04-26 17:31:38'),(5,'M','2019-09-21','New Anselborough','Russian Fderation','1973-06-23 12:19:18','2021-04-26 17:31:38'),(6,'F','1974-12-27','Lake Loren','USA','2017-06-19 08:29:21','2021-04-26 17:31:38'),(7,'M','1999-09-30','West Joana','USA','2015-01-05 15:09:14','2021-04-26 17:31:38'),(8,'M','1979-10-10','Lake Muriel','USA','2010-06-24 19:05:57','2021-04-26 17:31:38'),(9,'M','2006-01-29','New Elfrieda','USA','2008-02-07 07:30:43','2021-04-26 17:31:38'),(10,'F','1984-03-22','Towneville','USA','1997-06-05 21:08:44','2021-04-26 17:31:38'),(11,'F','1980-06-25','Tillmanfort','USA','2014-01-29 00:34:54','2021-04-26 17:31:38'),(12,'M','2007-11-24','West Anais','Russian Fderation','1986-03-30 18:55:58','2021-04-26 17:31:38'),(13,'M','1979-10-29','Purdystad','Belarus','1999-10-17 09:20:17','2021-04-26 17:31:38'),(14,'F','2014-11-14','Sheldonside','Russian Fderation','1992-03-19 19:16:25','2021-04-26 17:31:38'),(15,'M','1970-02-16','West Mckayla','Germany','1996-04-07 13:52:55','2021-04-26 17:31:38'),(16,'M','2019-02-18','Rodrigobury','Germany','1992-12-12 06:19:58','2021-04-26 17:31:38'),(17,'M','1974-05-28','North Aishaside','Germany','1997-02-12 13:50:03','2021-04-26 17:31:38'),(18,'F','1972-11-19','Lake Francisco','Russian Fderation','1986-01-07 01:17:21','2021-04-26 17:31:38'),(19,'M','1998-01-05','East Selena','USA','1981-02-23 09:21:54','2021-04-26 17:31:38'),(20,'F','2018-04-24','South Claraport','Russian Fderation','1984-07-04 06:54:04','2021-04-26 17:31:38'),(21,'F','1976-03-17','North Haven','Germany','2000-10-11 18:37:37','2021-04-26 17:31:38'),(22,'M','1998-07-30','East Shakira','Belarus','1987-08-03 00:31:31','2021-04-26 17:31:38'),(23,'M','1989-10-20','Collierburgh','Belarus','2019-04-22 01:33:57','2021-04-26 17:31:38'),(24,'M','1975-12-18','East Alena','Germany','2010-01-23 01:44:20','2021-04-26 17:31:38'),(25,'M','1990-11-29','Conroyburgh','USA','2000-01-18 01:10:48','2021-04-26 17:31:38'),(26,'M','1995-01-18','East Adell','Russian Fderation','2012-05-30 19:51:20','2021-04-26 17:31:38'),(27,'F','1983-01-15','Hodkiewiczborough','Germany','1987-05-19 19:52:35','2021-04-26 17:31:38'),(28,'F','2008-12-04','Towneberg','Belarus','2020-12-22 04:14:08','2021-04-26 17:31:38'),(29,'F','1973-02-21','Lydiaton','Germany','1977-03-15 11:24:44','2021-04-26 17:31:38'),(30,'F','1984-09-14','Lake Rigobertoburgh','USA','2020-07-08 09:37:35','2021-04-26 17:31:38'),(31,'M','1999-01-26','Hahnview','Belarus','2003-01-16 07:30:42','2021-04-26 17:31:38'),(32,'M','1970-03-20','North Julianneside','USA','1977-11-10 12:04:01','2021-04-26 17:31:38'),(33,'F','1981-12-05','Rodriguezborough','Germany','1982-06-21 09:13:59','2021-04-26 17:31:38'),(34,'F','1972-03-12','Kayliville','Russian Fderation','1973-05-14 18:10:05','2021-04-26 17:31:38'),(35,'F','2015-11-04','Botsfordtown','Russian Fderation','2007-06-12 08:33:35','2021-04-26 17:31:38'),(36,'F','2014-12-30','North Verna','Germany','1979-08-04 07:44:19','2021-04-26 17:31:38'),(37,'F','1987-02-14','Candelariobury','Germany','1988-10-24 20:37:43','2021-04-26 17:31:38'),(38,'M','2011-12-19','Nicolefort','USA','1985-03-10 12:06:21','2021-04-26 17:31:38'),(39,'F','2001-06-17','Bennettfort','Germany','2000-06-17 23:30:36','2021-04-26 17:31:38'),(40,'F','1994-03-05','Loishaven','USA','2010-03-01 05:31:14','2021-04-26 17:31:38'),(41,'M','1989-06-09','Lake Nolanmouth','Belarus','1977-01-22 12:29:05','2021-04-26 17:31:38'),(42,'M','1995-07-02','Schambergerburgh','Germany','2016-05-08 20:48:37','2021-04-26 17:31:38'),(43,'F','2014-07-19','South Darrelfort','Belarus','2020-08-03 02:09:38','2021-04-26 17:31:38'),(44,'M','1976-07-19','East Tommie','Belarus','1978-07-29 19:34:23','2021-04-26 17:31:38'),(45,'F','1974-07-31','Robertsfurt','USA','1995-09-30 04:08:49','2021-04-26 17:31:38'),(46,'M','2014-03-17','Luettgenport','Belarus','2004-07-17 10:12:42','2021-04-26 17:31:38'),(47,'M','2010-04-27','Fayhaven','Russian Fderation','1978-07-24 06:46:02','2021-04-26 17:31:38'),(48,'M','1978-08-08','Kuhlmanside','USA','2020-03-26 03:28:55','2021-04-26 17:31:38'),(49,'F','2005-11-21','Sanfordfurt','Russian Fderation','1972-09-09 21:30:51','2021-04-26 17:31:38'),(50,'F','1990-08-13','Kohlerstad','Germany','1987-10-08 18:36:37','2021-04-26 17:31:38'),(51,'M','2006-04-14','Stehrview','Germany','1980-10-22 12:46:53','2021-04-26 17:31:38'),(52,'F','2004-08-08','Kerlukeshire','Belarus','2007-08-23 00:51:28','2021-04-26 17:31:38'),(53,'F','1988-03-07','Port Roxaneville','Belarus','1981-11-09 21:13:37','2021-04-26 17:31:38'),(54,'M','1982-07-29','Port Nelson','USA','2015-07-26 04:14:31','2021-04-26 17:31:38'),(55,'M','2017-08-10','Eulahstad','Germany','2003-06-22 21:54:32','2021-04-26 17:31:38'),(56,'F','2020-04-09','Heidenreichmouth','USA','1972-05-29 04:13:14','2021-04-26 17:31:38'),(57,'M','1999-06-27','Odatown','USA','2002-09-22 12:12:40','2021-04-26 17:31:38'),(58,'F','1971-09-23','West Roderick','Germany','2007-12-19 13:15:46','2021-04-26 17:31:38'),(59,'F','1991-02-27','Lake Lawrence','Belarus','2015-06-24 16:17:15','2021-04-26 17:31:38'),(60,'F','1995-08-31','New Duane','Belarus','1995-08-25 07:14:20','2021-04-26 17:31:38'),(61,'M','1988-08-12','Dorischester','Belarus','1978-04-16 11:38:58','2021-04-26 17:31:38'),(62,'M','1972-04-30','Port Camillehaven','Germany','1995-11-29 00:19:16','2021-04-26 17:31:38'),(63,'M','2014-06-06','Lake Mustafaville','Russian Fderation','1981-10-07 16:37:08','2021-04-26 17:31:38'),(64,'M','1980-09-26','Dulcestad','Germany','2015-12-29 04:38:42','2021-04-26 17:31:38'),(65,'F','1997-03-10','Shieldstown','Belarus','2013-08-14 10:57:26','2021-04-26 17:31:38'),(66,'F','1981-10-05','South Marjory','Russian Fderation','1971-08-10 13:37:57','2021-04-26 17:31:38'),(67,'M','1996-04-06','Jovanland','Belarus','1983-11-11 02:15:46','2021-04-26 17:31:38'),(68,'M','2005-07-28','New Koby','Germany','1985-09-26 07:16:30','2021-04-26 17:31:38'),(69,'F','1989-04-23','Rodriguezland','Germany','1975-09-01 23:22:22','2021-04-26 17:31:38'),(70,'M','1973-06-21','Lake Vadahaven','USA','1997-01-19 23:39:39','2021-04-26 17:31:38'),(71,'F','1988-07-07','New Robertachester','Germany','1970-09-24 00:35:29','2021-04-26 17:31:38'),(72,'F','2015-01-13','New Paris','Russian Fderation','1997-06-15 08:37:42','2021-04-26 17:31:38'),(73,'F','2003-04-06','New Keon','USA','1985-10-16 19:44:19','2021-04-26 17:31:38'),(74,'F','1998-05-05','Krajcikstad','Belarus','1988-07-09 12:33:17','2021-04-26 17:31:38'),(75,'F','1982-09-02','South Jeremy','Belarus','2016-05-02 17:02:52','2021-04-26 17:31:38'),(76,'F','2000-08-27','North Carrollfurt','USA','2013-08-04 16:38:47','2021-04-26 17:31:38'),(77,'F','1991-07-07','Lake Houston','Belarus','1986-06-19 01:12:14','2021-04-26 17:31:38'),(78,'F','1982-08-26','West Dariana','Russian Fderation','2011-07-10 16:37:43','2021-04-26 17:31:38'),(79,'M','2009-04-05','South Marcella','Germany','2013-07-29 15:40:39','2021-04-26 17:31:38'),(80,'M','2007-08-07','Feilside','Germany','2006-03-17 17:16:48','2021-04-26 17:31:38'),(81,'M','1986-02-25','South Keyshawntown','Belarus','1983-07-03 08:02:00','2021-04-26 17:31:38'),(82,'M','2016-01-10','Oswaldoburgh','Belarus','2000-07-21 16:16:39','2021-04-26 17:31:38'),(83,'F','1997-12-15','South Sterling','Germany','1987-03-10 09:33:48','2021-04-26 17:31:38'),(84,'F','2012-05-08','Jovanmouth','USA','1991-11-09 02:08:58','2021-04-26 17:31:38'),(85,'F','1979-08-21','Reingermouth','Belarus','1976-07-12 08:00:23','2021-04-26 17:31:38'),(86,'F','1981-10-08','Lockmanhaven','Belarus','2007-09-10 16:15:44','2021-04-26 17:31:38'),(87,'F','2003-10-01','Abbottton','Germany','1974-11-29 13:20:30','2021-04-26 17:31:38'),(88,'F','1971-02-19','Demetriusfurt','Germany','2014-05-05 10:09:41','2021-04-26 17:31:38'),(89,'M','1971-06-30','Kleinshire','USA','1975-08-09 17:21:04','2021-04-26 17:31:38'),(90,'F','1988-05-29','Towneburgh','Germany','2001-01-21 05:16:12','2021-04-26 17:31:38'),(91,'M','2002-11-09','North Domingo','Belarus','1991-08-26 03:15:45','2021-04-26 17:31:38'),(92,'F','1972-06-29','West Horacio','Belarus','1992-10-18 14:20:47','2021-04-26 17:31:38'),(93,'F','1975-05-10','East Jarrett','USA','2005-05-11 04:44:01','2021-04-26 17:31:38'),(94,'M','2008-04-26','Jackbury','Belarus','2014-07-10 18:42:06','2021-04-26 17:31:38'),(95,'M','1973-05-25','Runolfssonborough','USA','1997-08-23 02:25:41','2021-04-26 17:31:38'),(96,'F','1991-04-03','Deckowchester','Russian Fderation','1975-05-11 06:40:56','2021-04-26 17:31:38'),(97,'F','1982-06-29','South Oceane','USA','1993-07-10 12:17:57','2021-04-26 17:31:38'),(98,'F','1984-06-30','Stoltenbergberg','Germany','1995-08-21 12:24:55','2021-04-26 17:31:38'),(99,'M','2010-02-08','Nettieton','Germany','2008-12-05 16:14:35','2021-04-26 17:31:38'),(100,'M','2019-05-02','Karineport','USA','1980-10-11 08:17:11','2021-04-26 17:31:38');
/*!40000 ALTER TABLE `profiles` ENABLE KEYS */;
UNLOCK TABLES;

--
-- Table structure for table `users`
--

DROP TABLE IF EXISTS `users`;
/*!40101 SET @saved_cs_client     = @@character_set_client */;
/*!50503 SET character_set_client = utf8mb4 */;
CREATE TABLE `users` (
  `id` int unsigned NOT NULL AUTO_INCREMENT COMMENT 'Идентификатор строки',
  `first_name` varchar(100) CHARACTER SET utf8mb4 COLLATE utf8mb4_unicode_ci NOT NULL COMMENT 'Имя пользователя',
  `last_name` varchar(100) CHARACTER SET utf8mb4 COLLATE utf8mb4_unicode_ci NOT NULL COMMENT 'Фамилия пользователя',
  `email` varchar(100) CHARACTER SET utf8mb4 COLLATE utf8mb4_unicode_ci NOT NULL COMMENT 'Почта',
  `phone` varchar(100) CHARACTER SET utf8mb4 COLLATE utf8mb4_unicode_ci NOT NULL COMMENT 'Телефон',
  `created_at` datetime DEFAULT CURRENT_TIMESTAMP COMMENT 'Время создания строки',
  `updated_at` datetime DEFAULT CURRENT_TIMESTAMP ON UPDATE CURRENT_TIMESTAMP COMMENT 'Время обновления строки',
  PRIMARY KEY (`id`),
  UNIQUE KEY `email` (`email`),
  UNIQUE KEY `phone` (`phone`)
) ENGINE=InnoDB AUTO_INCREMENT=101 DEFAULT CHARSET=utf8mb4 COLLATE=utf8mb4_unicode_ci COMMENT='Пользователи';
/*!40101 SET character_set_client = @saved_cs_client */;

--
-- Dumping data for table `users`
--

LOCK TABLES `users` WRITE;
/*!40000 ALTER TABLE `users` DISABLE KEYS */;
INSERT INTO `users` VALUES (1,'Macey','DuBuque','camilla.skiles@example.com','1-322-125-8082','2020-07-28 10:44:43','2021-04-26 17:30:38'),(2,'Randy','Blanda','ylangworth@example.org','588.322.4351x13418','2016-09-30 20:17:12','2021-04-26 17:30:38'),(3,'Rachelle','Medhurst','ramiro93@example.org','642-840-1868x92110','2009-07-11 05:02:28','2021-04-26 17:30:38'),(4,'Adelle','Ernser','o\'reilly.sandrine@example.net','(567)505-6896','1997-10-30 11:00:45','2021-04-26 17:30:38'),(5,'Rosemary','Berge','madeline.spencer@example.net','+92(0)3984721496','2000-07-26 13:24:10','2021-04-26 17:30:38'),(6,'Rose','Stiedemann','paucek.zelma@example.org','620.747.7437','1978-12-01 11:35:32','2019-04-15 09:00:34'),(7,'Eloisa','Schowalter','marguerite02@example.org','1-201-817-8884x2237','1980-07-28 07:47:53','2021-04-26 17:30:38'),(8,'Eunice','Windler','cesar10@example.org','1-471-862-3566x04012','2004-10-20 19:41:54','2010-08-11 02:09:43'),(9,'Thelma','Dach','kailey.kulas@example.net','1-075-209-4588x50431','1991-11-01 06:57:37','2021-04-26 17:30:38'),(10,'Roma','Hettinger','leslie95@example.org','(163)638-7458x89114','1994-05-18 02:44:26','2014-08-25 13:09:33'),(11,'Janis','Mills','talia53@example.com','971-416-9505x13856','1996-12-18 04:25:28','2013-04-28 00:49:39'),(12,'Elva','Lakin','zlakin@example.org','225.716.7199x069','1982-04-21 11:51:56','2021-04-26 17:30:38'),(13,'Soledad','Wilderman','teichmann@example.com','+77(3)8781590273','1987-11-01 16:45:10','1996-05-10 06:30:54'),(14,'Asha','Strosin','houston70@example.net','575-521-9222x1462','1995-09-24 05:38:23','2021-04-26 17:30:38'),(15,'Vance','O\'Hara','ludwig.jacobson@example.org','1-429-187-4357x61208','2012-08-12 10:12:05','2021-04-26 17:30:38'),(16,'Estel','Quitzon','stroman.kylee@example.com','(963)959-3054x61559','2019-05-31 11:14:16','2019-08-30 00:31:42'),(17,'Davon','Gottlieb','melissa76@example.net','030-155-5539','2005-04-19 17:21:02','2021-04-26 17:30:38'),(18,'Oren','Johnson','lane.hegmann@example.net','1-304-486-6009','2005-10-27 01:40:37','2021-04-26 17:30:38'),(19,'Kali','Cormier','darrell16@example.com','(360)655-3210','1977-10-21 11:47:44','1991-11-15 15:09:44'),(20,'Alexie','Quitzon','volkman.theodore@example.net','(010)010-2838x170','2019-08-10 11:56:43','2021-04-26 17:30:38'),(21,'Miles','Bosco','roman.nicolas@example.net','1-783-002-0898x06078','1993-10-26 04:00:42','1996-10-27 02:54:51'),(22,'Emmanuelle','Cummerata','gay77@example.com','(276)274-4389x91275','2004-06-11 06:54:01','2021-04-26 17:30:38'),(23,'Jaren','Windler','shields.sandrine@example.org','517-955-4020x47759','1973-05-21 15:50:43','1992-10-19 18:26:14'),(24,'Sebastian','Parker','xrohan@example.org','(447)639-3705','1997-10-12 12:51:01','2021-04-26 17:30:38'),(25,'Gudrun','Gusikowski','ryan.lempi@example.org','1-823-004-9768x67693','1983-11-08 01:36:56','1986-07-28 12:36:27'),(26,'Toni','Rau','cormier.miracle@example.net','+64(1)2230161796','1979-07-04 05:56:36','2021-04-26 17:30:38'),(27,'Brielle','Thompson','ilene.yost@example.net','(265)795-0441','2010-01-23 16:01:13','2021-04-26 17:30:38'),(28,'Chloe','Kutch','noemi.yundt@example.org','+12(8)2414997735','2005-03-10 22:21:12','2021-04-26 17:30:38'),(29,'Mariam','Smith','cfadel@example.net','(292)768-2453x3619','1974-07-29 16:34:28','2018-03-26 03:48:28'),(30,'Grant','Dare','brady63@example.org','+93(6)2186840397','2011-10-23 04:27:03','2021-04-26 17:30:38'),(31,'Elmira','Olson','roob.ike@example.org','(388)803-9601x6853','2012-05-01 06:48:01','2021-04-26 17:30:38'),(32,'Janet','Russel','ikuvalis@example.net','160-106-5779','2002-11-09 21:39:46','2021-04-26 17:30:38'),(33,'Ernesto','Olson','rkuphal@example.com','158-854-4023x9200','1974-04-05 05:01:10','2004-03-24 10:02:11'),(34,'Lester','Stanton','morar.doris@example.org','863.138.5209x1385','1971-06-13 09:33:22','1977-10-20 12:32:53'),(35,'Rod','Adams','emmie.boehm@example.com','303.481.8486x9259','1987-08-07 08:54:23','1990-02-16 03:37:22'),(36,'Paxton','O\'Keefe','gaylord.kayleigh@example.com','516-680-1646x77437','1992-02-09 14:46:36','2021-04-26 17:30:38'),(37,'Hanna','Hamill','jordyn.friesen@example.net','972.119.8402x636','2008-04-06 06:36:49','2021-04-26 17:30:38'),(38,'Heath','Cummerata','agerlach@example.com','878-469-4312x5048','1998-04-13 01:23:31','2017-08-11 15:17:27'),(39,'William','Murazik','collin.armstrong@example.net','1-957-442-1992','1987-03-15 10:27:29','2021-04-26 17:30:38'),(40,'Armani','Wilderman','lemuel.satterfield@example.org','+94(4)2746390815','1995-06-22 03:30:18','2021-04-26 17:30:38'),(41,'Eleazar','Robel','hartmann.britney@example.org','(536)563-7355','1971-01-02 20:30:08','1991-05-18 13:39:59'),(42,'Casimer','Brekke','ileuschke@example.org','932-775-4865x691','2016-05-28 20:37:40','2021-04-26 17:30:38'),(43,'Myrtis','Kuhlman','anne.heller@example.com','307-454-5846x728','1994-06-14 12:21:13','2012-12-23 06:50:57'),(44,'Afton','Bayer','lia.shields@example.net','116.156.6419x05491','2010-10-30 18:28:06','2021-04-26 17:30:38'),(45,'Dalton','Carroll','xthompson@example.com','121.945.3576x2143','1981-08-21 22:16:26','2005-09-22 17:42:43'),(46,'Elmore','Schneider','mcrona@example.com','885-121-0843x199','1999-02-22 14:17:59','2021-04-26 17:30:38'),(47,'Danyka','Yost','bayer.karson@example.net','200.055.0797x20894','1978-12-01 08:19:38','1985-12-16 09:51:33'),(48,'Kirstin','Nolan','magali.boehm@example.org','1-264-696-8022','2002-03-22 18:32:38','2021-04-26 17:30:38'),(49,'Jamarcus','Williamson','stacey62@example.com','(857)585-5863x603','1982-04-20 07:58:37','1998-07-26 05:16:45'),(50,'Eula','Boyer','tremblay.elvera@example.com','1-242-650-0648','1998-12-20 20:59:59','2006-01-06 23:18:32'),(51,'Miguel','Altenwerth','asa.sawayn@example.net','337-664-5739','2015-07-16 08:35:56','2018-01-17 08:16:20'),(52,'Shawn','Jenkins','kaufderhar@example.net','584.481.8687x887','1980-07-23 15:51:58','2021-04-26 17:30:38'),(53,'Darian','Gleichner','john.moen@example.com','1-505-464-5580x18959','2018-06-18 00:20:47','2021-04-26 17:30:38'),(54,'Nola','Kovacek','ophelia.torphy@example.com','+16(2)4031794228','1993-08-24 16:06:32','2003-01-27 07:17:52'),(55,'Oral','Haag','amanda71@example.net','+71(7)3127892340','2001-08-21 01:53:40','2021-04-26 17:30:38'),(56,'Octavia','Abbott','annamarie.pfannerstill@example.org','(712)681-3886x9315','1975-06-03 14:21:55','2006-08-18 16:28:10'),(57,'Devin','Herzog','zquitzon@example.org','1-509-738-4849','1993-02-06 08:46:07','2008-05-15 20:01:19'),(58,'Charity','Cole','herman.cora@example.net','126.942.2621x9463','2013-01-17 01:41:03','2021-04-26 17:30:38'),(59,'Golda','Mayer','nathanael45@example.com','1-324-956-4111x34254','1996-03-01 17:30:01','2021-04-26 17:30:38'),(60,'Walker','Prosacco','willms.gaston@example.com','861.602.3808','1986-08-14 14:50:22','2021-04-26 17:30:38'),(61,'Zelda','Marvin','burnice83@example.net','535.129.9635x9929','1972-07-11 02:14:03','1972-08-18 09:55:53'),(62,'Amya','Armstrong','ygottlieb@example.net','08311180908','2008-07-26 16:50:39','2017-07-19 10:25:51'),(63,'Alize','Oberbrunner','jennie.lebsack@example.org','1-922-386-3983x2550','2015-10-08 19:00:12','2021-04-26 17:30:38'),(64,'Itzel','Wiza','nhudson@example.net','580-397-6654','1998-02-28 23:06:19','2000-04-18 17:19:42'),(65,'Gia','Stiedemann','lo\'connell@example.com','(656)329-9963','1988-04-02 07:53:31','2001-09-29 05:01:59'),(66,'Dennis','Yundt','fritsch.gabrielle@example.net','(113)489-3954x132','1980-03-29 23:53:13','2021-04-26 17:30:38'),(67,'Sydney','Bogisich','izulauf@example.com','740-493-4426x519','1994-09-25 02:15:57','2021-04-26 17:30:38'),(68,'Lewis','Lockman','letha25@example.com','(130)306-1690x902','2018-01-20 02:29:14','2021-04-26 17:30:38'),(69,'Isabella','Haley','kihn.camille@example.org','666.391.3653x165','1978-12-23 06:01:18','1985-06-02 05:49:08'),(70,'Bell','Kreiger','rempel.london@example.com','1-610-583-2763x0673','1973-12-03 02:51:24','2001-06-25 08:09:10'),(71,'Alessia','Wolf','howell.josue@example.net','152-919-7106x0459','1986-07-10 11:11:03','1999-07-24 17:42:40'),(72,'Herta','Denesik','antone09@example.net','00693810189','1981-09-19 10:23:58','1985-07-18 01:55:56'),(73,'Pearlie','Treutel','jonathon.schneider@example.org','062-488-3082x85182','2008-03-05 06:50:59','2015-02-10 07:18:26'),(74,'Neva','Hickle','bianka30@example.org','485-445-5839x199','1979-03-17 18:19:22','2021-04-26 17:30:38'),(75,'Lamar','Ledner','mcummerata@example.com','285-827-0434x15276','2011-07-17 15:17:52','2021-04-26 17:30:38'),(76,'Taylor','Runolfsson','collins.carson@example.com','444-486-2145x262','1988-01-08 20:37:09','1995-03-28 23:50:03'),(77,'Bryon','Swift','connor52@example.net','324-969-0666','2007-05-23 22:52:17','2021-04-26 17:30:38'),(78,'Pearlie','Goldner','raoul84@example.org','393.611.9175x66280','2019-08-08 18:38:35','2021-04-26 17:30:38'),(79,'Hyman','Wisoky','xleffler@example.com','334.616.3603','1993-09-15 17:41:53','2020-05-26 23:08:40'),(80,'Fletcher','Jacobson','wilhelm.bernier@example.com','+06(3)4676292990','1974-10-11 00:04:51','2001-10-27 13:40:07'),(81,'Candice','Toy','oromaguera@example.com','06412954624','2011-04-05 15:13:45','2021-04-26 17:30:38'),(82,'Clifton','Emard','tillman.miller@example.net','(432)867-6273x0425','2017-11-15 22:58:14','2021-04-26 17:30:38'),(83,'Keven','Ebert','ari.abbott@example.com','196.107.4804x22694','2006-02-03 16:19:08','2021-04-26 17:30:38'),(84,'Carlotta','Roob','citlalli.bogan@example.org','721-698-4735x58956','1978-12-22 03:27:19','2014-10-26 03:06:33'),(85,'Colby','Bergnaum','cwalker@example.net','(119)022-4717x560','1978-06-14 16:10:44','1989-12-26 01:17:53'),(86,'Barton','Ernser','qlebsack@example.com','979-436-8694','1992-11-19 14:39:21','1996-03-24 18:34:38'),(87,'Shaniya','Flatley','o\'connell.kristina@example.com','(138)414-7032x366','1975-12-20 06:20:40','2021-04-26 17:30:38'),(88,'Shana','Baumbach','lillian33@example.net','209-533-7804x960','1993-11-04 17:32:24','2002-11-09 23:33:01'),(89,'Herminio','Bode','funk.alverta@example.org','1-584-925-2448x09815','1976-05-06 14:05:48','2004-12-16 17:22:16'),(90,'Destinee','Altenwerth','aurore.kuhn@example.net','(112)376-0193x57283','1972-10-18 02:59:21','1975-09-08 13:29:09'),(91,'Ines','Kozey','lorena.aufderhar@example.org','(440)238-4962','1981-11-05 14:17:58','2004-02-14 23:49:38'),(92,'Max','D\'Amore','vcrooks@example.com','(690)972-5720x2848','1995-05-23 00:02:59','2005-11-26 10:37:07'),(93,'Dorthy','Abbott','bsipes@example.org','253.877.2656','1982-12-04 13:34:46','1992-08-27 10:55:51'),(94,'Lucius','Schamberger','emmalee83@example.org','1-596-233-1305','2014-09-17 17:01:16','2021-04-26 17:30:38'),(95,'Jacinto','Johns','cristal.littel@example.org','002.939.7723x796','1975-01-30 18:43:38','1983-09-21 10:07:08'),(96,'Jarret','Cormier','bauch.carolyn@example.org','+37(7)8864353557','2012-04-08 14:02:26','2018-10-17 13:47:05'),(97,'Devon','Schmitt','lew.hilpert@example.net','(293)625-5058x813','2014-06-14 14:34:56','2021-04-26 17:30:38'),(98,'Ben','Bogisich','isabelle03@example.org','1-807-665-3392x51415','1971-12-11 09:06:41','1972-09-30 22:40:09'),(99,'Silas','Pouros','alessandro.reilly@example.com','794-433-5728x693','1986-08-05 11:16:29','2021-04-26 17:30:38'),(100,'Forest','McKenzie','qhahn@example.com','583.352.4336','2019-03-10 18:39:06','2021-04-26 17:30:38');
/*!40000 ALTER TABLE `users` ENABLE KEYS */;
UNLOCK TABLES;
/*!40103 SET TIME_ZONE=@OLD_TIME_ZONE */;

/*!40101 SET SQL_MODE=@OLD_SQL_MODE */;
/*!40014 SET FOREIGN_KEY_CHECKS=@OLD_FOREIGN_KEY_CHECKS */;
/*!40014 SET UNIQUE_CHECKS=@OLD_UNIQUE_CHECKS */;
/*!40101 SET CHARACTER_SET_CLIENT=@OLD_CHARACTER_SET_CLIENT */;
/*!40101 SET CHARACTER_SET_RESULTS=@OLD_CHARACTER_SET_RESULTS */;
/*!40101 SET COLLATION_CONNECTION=@OLD_COLLATION_CONNECTION */;
/*!40111 SET SQL_NOTES=@OLD_SQL_NOTES */;

-- Dump completed on 2021-04-26 17:38:24
